ACELGA,Taza,1/4,50,1,100,2,200,ACELGA,1/4 Taza,1 Taza,2 Taza,50,100,200
ALCACHOFA,Unidad,1,180,1,260,1,460,ALCACHOFA,1 Unidad,1 Unidad,1 Unidad,180,260,460
BETARRAGA,Taza,1/4,50,1,100,2,170,BETARRAGA,1/4 Taza,1 Taza,2 Taza,50,100,170
BERENJENA,Taza,1/2,40,1,100,2,160,BERENJENA,1/2 Taza,1 Taza,2 Taza,40,100,160
BROCOLI,Taza,1/2,40,1,100,1 1/2,160,BROCOLI,1/2 Taza,1 Taza,1 1/2 Taza,40,100,160
CHAMPIGNONES COCIDOS,Taza,1/2,50,1,125,2,200,CHAMPIGNONES COCIDOS,1/2 Taza,1 Taza,2 Taza,50,125,200
CHAMPIGNONES ENLATADOS,Porcion,1/2,50,1,125,2,200,CHAMPIGNONES ENLATADOS,1/2 Porcion,1 Porcion,2 Porcion,50,125,200
COLIFLOR,Unidad,3,55,5,140,9,220,COLIFLOR,3 Unidad,5 Unidad,9 Unidad,55,140,220
ESPARRAGO,Unidad,2,50,5,125,8,200,ESPARRAGO,2 Unidad,5 Unidad,8 Unidad,50,125,200
ESPINACA,Taza,1/2,50,1,125,1 1 /2,200,ESPINACA,1/2 Taza,1 Taza,1 1 /2 Taza,50,125,200
PEPINILLOS,Unidad,4,40,9,90,12,120,PEPINILLOS,4 Unidad,9 Unidad,12 Unidad,40,90,120
PICKLES,Unidad,3,30,7,70,15,150,PICKLES,3 Unidad,7 Unidad,15 Unidad,30,70,150
POROTOS VERDES,Taza,1/2,40,1,60,2,140,POROTOS VERDES,1/2 Taza,1 Taza,2 Taza,40,60,140
POROTO VERDE ENLATADO,Porcion,1/2,35,1,60,2,140,POROTO VERDE ENLATADO,1/2 Porcion,1 Porcion,2 Porcion,35,60,140
REPOLLITOS DE BRUSELAS,Unidad,6,50,12,125,24,200,REPOLLITOS DE BRUSELAS,6 Unidad,12 Unidad,24 Unidad,50,125,200
SALSA DE TOMATES,Cucharada,1,15,4,60,8,120,SALSA DE TOMATES,1 Cucharada,4 Cucharada,8 Cucharada,15,60,120
ZANAHORIA COCIDA,Porcion,1,50,1,125,2,200,ZANAHORIA COCIDA,1 Porcion,1 Porcion,2 Porcion,50,125,200
ZAPALLITOS ITALIANOS,Taza,1/2,60,1,150,2,240,ZAPALLITOS ITALIANOS,1/2 Taza,1 Taza,2 Taza,60,150,240
ZAPALLO,Trozo,1/2,50,1,110,2,170,ZAPALLO,1/2 Trozo,1 Trozo,2 Trozo,50,110,170
BETARRAGA CRUDA,Taza,1,50,1,130,2,200,BETARRAGA CRUDA,1 Taza,1 Taza,2 Taza,50,130,200
CEBOLLA,Taza,1,40,1,60,2,120,CEBOLLA,1 Taza,1 Taza,2 Taza,40,60,120
CHAMPIGNONES CRUDOS,Taza,1,50,2,100,2,150,CHAMPIGNONES CRUDOS,1 Taza,2 Taza,2 Taza,50,100,150
TOMATE,Unidad,1,60,1,120,2,220,TOMATE,1 Unidad,1 Unidad,2 Unidad,60,120,220
ZANAHORIA,Taza,1,30,1,50,2,90,ZANAHORIA,1 Taza,1 Taza,2 Taza,30,50,90
ACELGA CRUDA,Taza,1,30,1,50,2,100,ACELGA CRUDA,1 Taza,1 Taza,2 Taza,30,50,100
ACHICORIA,Taza,1,30,1,50,2,90,ACHICORIA,1 Taza,1 Taza,2 Taza,30,50,90
ENDIVIA,Taza,1,30,1,50,2,90,ENDIVIA,1 Taza,1 Taza,2 Taza,30,50,90
ESPINACA CRUDA,Taza,1,30,1,50,2,90,ESPINACA CRUDA,1 Taza,1 Taza,2 Taza,30,50,90
LECHUGA,Taza,1,35,1,50,2,100,LECHUGA,1 Taza,1 Taza,2 Taza,35,50,100
REPOLLO,Taza,1,35,1,50,2,100,REPOLLO,1 Taza,1 Taza,2 Taza,35,50,100
RUCULA,Taza,1,30,1,50,2,100,RUCULA,1 Taza,1 Taza,2 Taza,30,50,100
KALE,Taza,1,35,1,50,2,100,KALE,1 Taza,1 Taza,2 Taza,35,50,100
AJO,Unidad,3,3,8,8,15,15,AJO,3 Unidad,8 Unidad,15 Unidad,3,8,15
APIO,Taza,1,35,1,70,2,100,APIO,1 Taza,1 Taza,2 Taza,35,70,100
COCHAYUYO,Taza,1,15,1,25,1 1/2,50,COCHAYUYO,1 Taza,1 Taza,1 1/2 Taza,15,25,50
LUCHE,Taza,1,15,1,25,2,50,LUCHE,1 Taza,1 Taza,2 Taza,15,25,50
PENCA,Taza,1,30,1,50,1,100,PENCA,1 Taza,1 Taza,1 Taza,30,50,100
PEPINO/ENSALADA,Taza,1,50,1,100,2,150,PEPINO/ENSALADA,1 Taza,1 Taza,2 Taza,50,100,150
PIMENTON ROJO,Taza,0,30,1,60,1,120,PIMENTON ROJO,0 Taza,1 Taza,1 Taza,30,60,120
PIMENTON VERDE,Taza,0,30,1,60,1,120,PIMENTON VERDE,0 Taza,1 Taza,1 Taza,30,60,120
RABANITO,Unidad,3,30,5,50,10,100,RABANITO,3 Unidad,5 Unidad,10 Unidad,30,50,100
ULTE,Taza,1,15,1,30,2,90,ULTE,1 Taza,1 Taza,2 Taza,15,30,90
ZAPALLITOS ITALIANOS CRUDOS,Taza,1,50,1,100,2,150,ZAPALLITOS ITALIANOS CRUDOS,1 Taza,1 Taza,2 Taza,50,100,150
ALFALFA BROTE,Taza,1,25,1,50,2,100,ALFALFA BROTE,1 Taza,1 Taza,2 Taza,25,50,100
BERENJENA,Taza,1,41,1,82,2,164,BERENJENA,1 Taza,1 Taza,2 Taza,41,82,164
CEBOLLIN,Taza,1,25,1,50,2,75,CEBOLLIN,1 Taza,1 Taza,2 Taza,25,50,75
CHAMPIGÑON OSTRA,Unidad,1,25,2,50,3,75,CHAMPIÑON OSTRA,1 Unidad,2 Unidad,3 Unidad,25,50,75
CHAMPIGÑON PORTABELLA,taza,1,35,1,70,2,140,CHAMPIÑON PORTABELLA,1 taza,1 taza,2 taza,35,70,140
CHAMPIGÑON SHITAKE,Unidad,2,35,1,70,2,140,CHAMPIÑON SHITAKE,2 Unidad,1 Unidad,2 Unidad,35,70,140
CHAMIPIGÑON CONSERVA,Unidad,1,45,2,85,3,135,CHAMPIÑON CONSERVA,1 Unidad,2 Unidad,3 Unidad,45,85,135
COCHAYUYO,Unidad,1,25,2,50,3,75,COCHAYUYO,1 Unidad,2 Unidad,3 Unidad,25,50,75
NABO,Unidad,1,50,1,100,2,200,NABO,1 Unidad,1 Unidad,2 Unidad,50,100,200
CAQUI,Unidad,1,150,1,250,1,400,CAQUI,1 Unidad,1 Unidad,1 Unidad,150,250,400
CEREZAS,Unidad,6,35,15,90,25,150,CEREZAS,6 Unidad,15 Unidad,25 Unidad,35,90,150
CHIRIMOYA,Unidad,0,90,1,180,1,360,CHIRIMOYA,0 Unidad,1 Unidad,1 Unidad,90,180,360
CIRUELAS,Unidad,1,40,3,110,5,180,CIRUELAS,1 Unidad,3 Unidad,5 Unidad,40,110,180
DAMASCO,Unidad,1,40,3,120,5,200,DAMASCO,1 Unidad,3 Unidad,5 Unidad,40,120,200
DURAZNO,Unidad,1,70,1,130,2,250,DURAZNO,1 Unidad,1 Unidad,2 Unidad,70,130,250
DURAZNOS EN CONSERVA,Unidad,1,40,2,80,3,120,DURAZNOS EN CONSERVA,1 Unidad,2 Unidad,3 Unidad,40,80,120
FRAMBUEZA,Taza,1,65,1,130,2,250,FRAMBUEZA,1 Taza,1 Taza,2 Taza,65,130,250
FRUTILLA,Taza,1,100,1,200,2,300,FRUTILLA,1 Taza,1 Taza,2 Taza,100,200,300
GROSELLA,Taza,1,100,1,200,2,300,GROSELLA,1 Taza,1 Taza,2 Taza,100,200,300
HIGOS FRESCOS,Unidad,1,40,2,80,4,160,HIGOS FRESCOS,1 Unidad,2 Unidad,4 Unidad,40,80,160
KIWI,Unidad,1,50,2,100,4,200,KIWI,1 Unidad,2 Unidad,4 Unidad,50,100,200
LIMON FRUTO,Unidad,1,60,3,180,5,270,LIMON FRUTO,1 Unidad,3 Unidad,5 Unidad,60,180,270
"LUCUMA, PASTA,Taza,1,45,1,90,2,160,""LUCUMA, PASTA"",1 Taza,1 Taza,2 Taza,45,90,160"
MANZANA,Unidad,1,60,1,120,2,250,MANZANA,1 Unidad,1 Unidad,2 Unidad,60,120,250
MELON,Taza,1,90,1,180,2,360,MELON,1 Taza,1 Taza,2 Taza,90,180,360
MEMBRILLO,Unidad,1,60,1,120,2,250,MEMBRILLO,1 Unidad,1 Unidad,2 Unidad,60,120,250
MORA,Unidad,0,60,1,120,1,240,MORA,0 Unidad,1 Unidad,1 Unidad,60,120,240
NARANJA,Unidad,1,70,1,130,2,260,NARANJA,1 Unidad,1 Unidad,2 Unidad,70,130,260
NISPERO,Unidad,4,60,7,120,10,160,NISPERO,4 Unidad,7 Unidad,10 Unidad,60,120,160
PALTA,Cucharada,3,45,6,90,10,150,PALTA,3 Cucharada,6 Cucharada,10 Cucharada,45,90,150
PAPAYA,Unidad,1,65,1,130,1,260,PAPAYA,1 Unidad,1 Unidad,1 Unidad,65,130,260
PEPINO DULCE,Unidad,1,130,1,240,2,350,PEPINO DULCE,1 Unidad,1 Unidad,2 Unidad,130,240,350
PERA,Unidad,1,70,1,130,2,270,PERA,1 Unidad,1 Unidad,2 Unidad,70,130,270
PIÑA,Taza,1,80,1,120,2,240,PIÑA,1 Taza,1 Taza,2 Taza,80,120,240
PIÑA ENLATADA,Taza,1,65,1,115,2,180,PIÑA ENLATADA,1 Taza,1 Taza,2 Taza,65,115,180
PLATANO,Unidad,1,70,1,130,2,210,PLATANO,1 Unidad,1 Unidad,2 Unidad,70,130,210
SANDIA,Taza,1,200,2,400,3,600,SANDIA,1 Taza,2 Taza,3 Taza,200,400,600
TUNA,Unidad,1,50,1,70,1,100,TUNA,1 Unidad,1 Unidad,1 Unidad,50,70,100
UVAS,Unidad,10,90,20,180,30,270,UVAS,10 Unidad,20 Unidad,30 Unidad,90,180,270
HIGOS SECOS,Unidad,1,15,2,30,4,60,HIGOS SECOS,1 Unidad,2 Unidad,4 Unidad,15,30,60
PASAS,Unidad,10,10,20,20,30,30,PASAS,10 Unidad,20 Unidad,30 Unidad,10,20,30
PERAS DESECADAS,Rodaja,7,25,10,35,15,45,PERAS DESECADAS,7 Rodaja,10 Rodaja,15 Rodaja,25,35,45
HUESILLO,Unidad,1,30,2,60,3,90,HUESILLO,1 Unidad,2 Unidad,3 Unidad,30,60,90
CIRUELAS SECAS,Unidad,1,10,3,30,5,50,CIRUELAS SECAS,1 Unidad,3 Unidad,5 Unidad,10,30,50
JUGO DE LIMON,Porcion,1,5,2,10,3,15,JUGO DE LIMON,1 Porcion,2 Porcion,3 Porcion,5,10,15
JUGO DE NARANJA,Taza,1,50,1,200,2,350,JUGO DE NARANJA,1 Taza,1 Taza,2 Taza,50,200,350
JUGO DE POMELO,Taza,1,50,1,200,2,250,JUGO DE POMELO,1 Taza,1 Taza,2 Taza,50,200,250
MIEL DE ABEJA,Cucharadita,1,5,2,10,3,15,MIEL DE ABEJA,1 Cucharadita,2 Cucharadita,3 Cucharadita,5,10,15
MIEL DE PALMA,Cucharadita,1,5,2,10,3,15,MIEL DE PALMA,1 Cucharadita,2 Cucharadita,3 Cucharadita,5,10,15
ARANDANO AZUL,Taza,1,50,2,100,3,300,ARANDANO AZUL,1 Taza,2 Taza,3 Taza,50,100,300
CLEMENTINA,Porción,1,100,2,200,3,300,CLEMENTINA,1 Porción,2 Porción,3 Porción,100,200,300
DAMASCO SECO,Porción,1,100,2,200,3,300,DAMASCO SECO,1 Porción,2 Porción,3 Porción,100,200,300
GRANADA,Taza,1/2,25,1,50,2,75,GRANADA,1/2 Taza,1 Taza,2 Taza,25,50,75
GUAYABA,Unidad,1,60,1,150,1,170,GUAYABA,1 Unidad,1 Unidad,1 Unidad,60,150,170
GUINDA,Unidad,1,6,1,9,2,18,GUINDA,1 Unidad,1 Unidad,2 Unidad,6,9,18
MANZANA ROJA,Unidad,1,85,1,155,2,170,MANZANA ROJA,1 Unidad,1 Unidad,2 Unidad,85,155,170
MANZANA VERDE,Unidad,1,85,1,155,2,170,MANZANA VERDE,1 Unidad,1 Unidad,2 Unidad,85,155,170
MANZANA FUJI,Unidad,1,85,1,155,2,170,MANZANA FUJI,1 Unidad,1 Unidad,2 Unidad,85,155,170
PERA DESECADA,Taza,1,50,1,100,2,200,PERA DESECADA,1 Taza,1 Taza,2 Taza,50,100,200
POMELO,Unidad,1,500,1,1000,2,1500,POMELO,1 Unidad,1 Unidad,2 Unidad,500,1000,1500
ARROZ INTEGRAL,Taza,0,60,1,120,1,150,ARROZ INTEGRAL,0 Taza,1 Taza,1 Taza,60,120,150
AVENA,Taza,1,20,1,40,2,60,AVENA,1 Taza,1 Taza,2 Taza,20,40,60
AVENA s/GLUTEN,Taza,1,20,1,40,2,60,AVENA s/GLUTEN,1 Taza,1 Taza,2 Taza,20,40,60
TAPIOCA,cucharada,2,20,4,40,6,60,TAPIOCA,2 cucharada,4 cucharada,6 cucharada,20,40,60
"MOTE, MAIZ,Taza,1,70,1,140,2,210,""MOTE, MAIZ"",1 Taza,1 Taza,2 Taza,70,140,210"
"MOTE, TRIGO,Taza,1,80,1,160,2,240,""MOTE, TRIGO"",1 Taza,1 Taza,2 Taza,80,160,240"
CEBADA,Taza,1,80,2,160,2,240,CEBADA,1 Taza,2 Taza,2 Taza,80,160,240
TRIGO SARRACENO ( Alforfon),Taza,1,75,1,150,2,300,TRIGO SARRACENO ( Alforfon),1 Taza,1 Taza,2 Taza,75,150,300
BULGOR,Taza,1,100,1,200,2,400,BULGOR,1 Taza,1 Taza,2 Taza,100,200,400
MIJO,Taza,1,80,1,160,2,240,MIJO,1 Taza,1 Taza,2 Taza,80,160,240
PAN TRIGO INTEGRAL,Unidad,1,50,1,100,2,150,PAN TRIGO INTEGRAL,1 Unidad,1 Unidad,2 Unidad,50,100,150
GALLETAS INTEGRALES,Unidad,4,25,7,42,10,60,GALLETAS INTEGRALES,4 Unidad,7 Unidad,10 Unidad,25,42,60
AMARANTO,cucharada,2,20,3,30,5,50,AMARANTO,2 cucharada,3 cucharada,5 cucharada,20,30,50
QUINOA,Taza,1,70,1,140,2,210,QUINOA,1 Taza,1 Taza,2 Taza,70,140,210
CENTENO (Harina),Taza,1,50,1,110,2,160,CENTENO (Harina),1 Taza,1 Taza,2 Taza,50,110,160
ESPELTA,Taza,1/2,125,1,250,1 1/2,375,ESPELTA,1/2 Taza,1 Taza,1 1/2 Taza,125,250,375
FIDEOS INTEGRALES,Taza,1,80,2,120,2,160,FIDEOS INTEGRALES,1 Taza,2 Taza,2 Taza,80,120,160
PAN SIN GLUTEN,Unidad,1,100,1,200,2,300,PAN SIN GLUTEN,1 Unidad,1 Unidad,2 Unidad,100,200,300
POLENTA,Taza,1,25,1,50,2,75,POLENTA,1 Taza,1 Taza,2 Taza,25,50,75
PAN INTEGRAL Molde,Unidad,1,40,2,80,3,100,PAN INTEGRAL Molde,1 Unidad,2 Unidad,3 Unidad,40,80,100
PAN PITA INTEGRAL,Unidad,1,45,2,90,2,130,PAN PITA INTEGRAL,1 Unidad,2 Unidad,2 Unidad,45,90,130
ARROZ CRUDO,Taza,1/2,35,1,70,1 1/2,100,ARROZ CRUDO,1/2 Taza,1 Taza,1 1/2 Taza,35,70,100
FIDEOS,Taza,1/2,40,1,80,2,120,FIDEOS,1/2 Taza,1 Taza,2 Taza,40,80,120
CHUCHOCA,cucharada,1 1/2,20,3,40,5,60,CHUCHOCA,1 1/2 cucharada,3 cucharada,5 cucharada,20,40,60
CHUÑO,cucharada,2,20,4,40,6,60,CHUÑO,2 cucharada,4 cucharada,6 cucharada,20,40,60
HARINA TRIGO,cucharada,2,20,4,40,6,60,HARINA TRIGO,2 cucharada,4 cucharada,6 cucharada,20,40,60
MAICENA,cucharada,2,20,4,40,6,60,MAICENA,2 cucharada,4 cucharada,6 cucharada,20,40,60
SEMOLA,cucharada,1 1/2,20,3,40,6,80,SEMOLA,1 1/2 cucharada,3 cucharada,6 cucharada,20,40,80
CUS CUS,Taza,1/2,25,1,50,1 1/2,75,CUS CUS,1/2 Taza,1 Taza,1 1/2 Taza,25,50,75
ARROZ COCIDO,Taza,1/2,65,1,130,2,200,ARROZ COCIDO,1/2 Taza,1 Taza,2 Taza,65,130,200
FIDEOS COCIDOS,Taza,1/2,40,1,80,1 1/2,120,FIDEOS COCIDOS,1/2 Taza,1 Taza,1 1/2 Taza,40,80,120
"MOTE, MAIZ,Taza,1/2,75,3/4,120,1,150,""MOTE, MAIZ"",1/2 Taza,45385 Taza,1 Taza,75,120,150"
"MOTE, TRIGO,Taza,1/2,80,1,160,1 1/2,240,""MOTE, TRIGO"",1/2 Taza,1 Taza,1 1/2 Taza,80,160,240"
Maiz,Taza,1/2,75,1,150,1 1/2,225,Maiz,1/2 Taza,1 Taza,1 1/2 Taza,75,150,225
PAN BLANCO MARRAQUETA/HALLULLA,Unidad,1/2,50,1,100,2,200,PAN BLANCO MARRAQUETA/HALLULLA,1/2 Unidad,1 Unidad,2 Unidad,50,100,200
PAN DE CENTENO,Unidad,1/2,50,1,100,1 1/2,150,PAN DE CENTENO,1/2 Unidad,1 Unidad,1 1/2 Unidad,50,100,150
PAN DULCE (HUEVO),Unidad,1/4,25,1/2,50,1,100,PAN DULCE (HUEVO),1/4 Unidad,45323 Unidad,1 Unidad,25,50,100
PAN AMASADO,Unidad,1/2,50,1,100,1,200,PAN AMASADO,1/2 Unidad,1 Unidad,1 Unidad,50,100,200
PAN PITA,Unidad,1/2,25,1,50,2,100,PAN PITA,1/2 Unidad,1 Unidad,2 Unidad,25,50,100
HARINA SARRACENO,Taza,1/4,8,1/2,16,1,32,HARINA SARRACENO,1/4 Taza,45323 Taza,1 Taza,8,16,32
HARINA INTEGRAL,Taza,1/2,25,1,150,2,300,HARINA INTEGRAL,1/2 Taza,1 Taza,2 Taza,25,150,300
HARINA ALMIDON MANDIOCA,Taza,1/4,13,1,52,2,105,HARINA ALMIDON MANDIOCA,1/4 Taza,1 Taza,2 Taza,13,52,105
HARINA ARROZ,Taza,0.5,25,1,50,,100,HARINA ARROZ,0.5 Taza,1 Taza, Taza,25,50,100
HARINA MAIZENA,cucharada,1/2,65,1,125,2,250,HARINA MAIZENA,1/2 cucharada,1 cucharada,2 cucharada,65,125,250
HARINA LINAZA,Taza,1/2,50,1,100,2,200,HARINA LINAZA,1/2 Taza,1 Taza,2 Taza,50,100,200
HARINA GARBANZOS,Taza,1/2,80,1,160,2,320,HARINA GARBANZOS,1/2 Taza,1 Taza,2 Taza,80,160,320
HARINA CHIA,Taza,1/2,85,1,170,2,340,HARINA CHIA,1/2 Taza,1 Taza,2 Taza,85,170,340
ARVEJAS CRUDAS,Taza,1/2,50,1,125,2,250,ARVEJAS CRUDAS,1/2 Taza,1 Taza,2 Taza,50,125,250
ARVEJAS CONGELADAS COCIDAS,Taza,1/2,45,1,90,2,180,ARVEJAS CONGELADAS COCIDAS,1/2 Taza,1 Taza,2 Taza,45,90,180
ARVEJAS ENLATADAS drenado.,Taza,1/2,100,1,200,1 1/2,300,ARVEJAS ENLATADAS drenado.,1/2 Taza,1 Taza,1 1/2 Taza,100,200,300
CAMOTE,Taza,1/2,60,1,120,1 1/2,180,CAMOTE,1/2 Taza,1 Taza,1 1/2 Taza,60,120,180
CASTAÑA CRUDA,Unidad,1,30,5,150,7,210,CASTAÑA CRUDA,1 Unidad,5 Unidad,7 Unidad,30,150,210
CHOCLO CRUDO,Taza,1/2,85,1,170,1 1/2,255,CHOCLO CRUDO,1/2 Taza,1 Taza,1 1/2 Taza,85,170,255
CHOCLO COCIDO,Taza,1/2,80,1,160,1 1/2,300,CHOCLO COCIDO,1/2 Taza,1 Taza,1 1/2 Taza,80,160,300
CHOCLO CONGELADO,Taza,1/2,80,1,160,1 1/2,240,CHOCLO CONGELADO,1/2 Taza,1 Taza,1 1/2 Taza,80,160,240
HABAS cocidas,Taza,1/2,75,1,150,1 1/2,225,HABAS cocidas,1/2 Taza,1 Taza,1 1/2 Taza,75,150,225
PAPA CRUDA,Unidad,1/2,75,1,150,2,300,PAPA CRUDA,1/2 Unidad,1 Unidad,2 Unidad,75,150,300
PAPA COCIDA,Unidad,1/2,100,1,200,2,400,PAPA COCIDA,1/2 Unidad,1 Unidad,2 Unidad,100,200,400
PIÑON,Taza,1/2,55,1,110,1 1/2,165,PIÑON,1/2 Taza,1 Taza,1 1/2 Taza,55,110,165
POROTOS GRANADOS,Taza,1/2,80,3/4,120,2,320,POROTOS GRANADOS,1/2 Taza,45385 Taza,2 Taza,80,120,320
SOJA,Taza,1/2,60,1,125,2,250,SOJA,1/2 Taza,1 Taza,2 Taza,60,125,250
ARVEJA SECA CRUDAS,Taza,1/2,55,1,110,2,220,ARVEJA SECA CRUDAS,1/2 Taza,1 Taza,2 Taza,55,110,220
"ARVEJA, HARINA CRUDA,Taza,1/2,55,1,110,2,220,""ARVEJA, HARINA CRUDA"",1/2 Taza,1 Taza,2 Taza,55,110,220"
"ARVEJA, HARINA PRECOCIDA,Taza,1/2,55,1,110,2,220,""ARVEJA, HARINA PRECOCIDA"",1/2 Taza,1 Taza,2 Taza,55,110,220"
CHICHARO,Taza,1/2,90,3/4,140,1 1/2,270,CHICHARO,1/2 Taza,45385 Taza,1 1/2 Taza,90,140,270
"GARBANZOS, HARINA CRUDA,Taza,1/2,55,1,110,1 1/2,170,""GARBANZOS, HARINA CRUDA"",1/2 Taza,1 Taza,1 1/2 Taza,55,110,170"
POROTOS CRUDO,Taza,1/4,50,1/2,100,1 1/2,150,POROTOS CRUDO,1/4 Taza,45323 Taza,1 1/2 Taza,50,100,150
"POROTOS, HARINA PRECOCIDO,Taza,1/2,55,1,110,2,220,""POROTOS, HARINA PRECOCIDO"",1/2 Taza,1 Taza,2 Taza,55,110,220"
POROTOS COCIDO,Taza,1/2,90,3/4,140,1 1/2,220,POROTOS COCIDO,1/2 Taza,45385 Taza,1 1/2 Taza,90,140,220
GARBANZO CRUDO,Taza,1/4,50,1/2,100,1,200,GARBANZO CRUDO,1/4 Taza,45323 Taza,1 Taza,50,100,200
"GARBANZO, HARINA PRECOCIDO,Taza,1/2,55,1,110,1 1/2,170,""GARBANZO, HARINA PRECOCIDO"",1/2 Taza,1 Taza,1 1/2 Taza,55,110,170"
GARBANZO COCIDO,Taza,1/2,90,3/4,140,1 1/2,270,GARBANZO COCIDO,1/2 Taza,45385 Taza,1 1/2 Taza,90,140,270
HABA SECA CRUDA,Taza,1/4,50,1/2,100,1 1/2,300,HABA SECA CRUDA,1/4 Taza,45323 Taza,1 1/2 Taza,50,100,300
LENTEJA CRUDA,Taza,1/4,50,1/2,100,1 1/2,300,LENTEJA CRUDA,1/4 Taza,45323 Taza,1 1/2 Taza,50,100,300
LENTEJA COCIDA,Taza,1/2,90,3/4,140,1 1/2,270,LENTEJA COCIDA,1/2 Taza,45385 Taza,1 1/2 Taza,90,140,270
"LENTEJA, HARINA CRUDA,Taza,1/2,110,1,220,1 1/2,330,""LENTEJA, HARINA CRUDA"",1/2 Taza,1 Taza,1 1/2 Taza,110,220,330"
"LENTEJA, HARINA PRECOCIDA,Taza,1/2,110,1,220,1 1/2,330,""LENTEJA, HARINA PRECOCIDA"",1/2 Taza,1 Taza,1 1/2 Taza,110,220,330"
SOYA PVT,Taza,1/2,90,1,185,1 1/2,270,SOYA PVT,1/2 Taza,1 Taza,1 1/2 Taza,90,185,270
CARNE VEGETAL,Taza,1/2,90,1,185,1 1/2,270,CARNE VEGETAL,1/2 Taza,1 Taza,1 1/2 Taza,90,185,270
HUEVO clara,Unidad,1,28,1,34,1,40,HUEVO clara,1 Unidad,1 Unidad,1 Unidad,28,34,40
CHORITOS,Unidad,1,4,3,12,5,20,CHORITOS,1 Unidad,3 Unidad,5 Unidad,4,12,20
CAMARON CONGELADO,Unidad,1,7,2,15,3,21,CAMARON CONGELADO,1 Unidad,2 Unidad,3 Unidad,7,15,21
VACUNO CRIADILLAS,Unidad,1,15,2,30,3,45,VACUNO CRIADILLAS,1 Unidad,2 Unidad,3 Unidad,15,30,45
CHOLGA,Unidad,1,7,3,20,4,29,CHOLGA,1 Unidad,3 Unidad,4 Unidad,7,20,29
NAVAJUELA,Unidad,1,7,2,14,3,24,NAVAJUELA,1 Unidad,2 Unidad,3 Unidad,7,14,24
ALMEJAS,Unidad,1,8,2,11,3,24,ALMEJAS,1 Unidad,2 Unidad,3 Unidad,8,11,24
PIURE,Porcion,1,9,1,15,1,25,PIURE,1 Porcion,1 Porcion,1 Porcion,9,15,25
LOCO,Porcion,1,35,1,60,1,70,LOCO,1 Porcion,1 Porcion,1 Porcion,35,60,70
CARACOL DE TIERRA,Porcion,1,30,1,40,1,50,CARACOL DE TIERRA,1 Porcion,1 Porcion,1 Porcion,30,40,50
"GONADAS, ERIZO,Porcion,1,100,1,200,1,400,""GONADAS, ERIZO"",1 Porcion,1 Porcion,1 Porcion,100,200,400"
JAMON PAVO,Unidad,1,20,1,35,1,45,JAMON PAVO,1 Unidad,1 Unidad,1 Unidad,20,35,45
CARACOL DE MAR,Unidad,1,15,2,35,3,60,CARACOL DE MAR,1 Unidad,2 Unidad,3 Unidad,15,35,60
CHORITOS CRUDOS,Unidad,3,20,6,45,10,70,CHORITOS CRUDOS,3 Unidad,6 Unidad,10 Unidad,20,45,70
CHORITO EN ACEITE,Unidad,3,25,10,65,12,77,CHORITO EN ACEITE,3 Unidad,10 Unidad,12 Unidad,25,65,77
JAIVA PROMEDIO,Taza,1,45,1,60,1,90,JAIVA PROMEDIO,1 Taza,1 Taza,1 Taza,45,60,90
OSTRA,Unidad,1,10,3,30,6,60,OSTRA,1 Unidad,3 Unidad,6 Unidad,10,30,60
MACHA EN CONSERVA,Unidad,1,6,2,12,3,18,MACHA EN CONSERVA,1 Unidad,2 Unidad,3 Unidad,6,12,18
"ALMEJAS, CONSERVA EN AGUA,Unidad,1,10,7,70,10,100,""ALMEJAS, CONSERVA EN AGUA"",1 Unidad,7 Unidad,10 Unidad,10,70,100"
GUACHALOMO,Trozo,1,50,1,150,1,170,GUACHALOMO,1 Trozo,1 Trozo,1 Trozo,50,150,170
LOMO VETADO,Trozo,1,50,1,150,1,180,LOMO VETADO,1 Trozo,1 Trozo,1 Trozo,50,150,180
CARNE VACUNO,Trozo,1,50,1,150,1,180,CARNE VACUNO,1 Trozo,1 Trozo,1 Trozo,50,150,180
ASIENTO PICANA,Trozo,1,50,1,150,1,180,ASIENTO PICANA,1 Trozo,1 Trozo,1 Trozo,50,150,180
FILETE,Trozo,1,50,1,150,1,180,FILETE,1 Trozo,1 Trozo,1 Trozo,50,150,180
POLLO GANSO,Trozo,1,50,1,150,1,180,POLLO GANSO,1 Trozo,1 Trozo,1 Trozo,50,150,180
POSTA NEGRA,Trozo,1,50,1,150,1,180,POSTA NEGRA,1 Trozo,1 Trozo,1 Trozo,50,150,180
POSTA ROSADA,Trozo,1,50,1,150,1,180,POSTA ROSADA,1 Trozo,1 Trozo,1 Trozo,50,150,180
HIGADO VACUNO COCIDO,Trozo,1,50,1,100,1,150,HIGADO VACUNO COCIDO,1 Trozo,1 Trozo,1 Trozo,50,100,150
CHOLGAS EN ACEITE,Unidad,3,30,6,60,9,90,CHOLGAS EN ACEITE,3 Unidad,6 Unidad,9 Unidad,30,60,90
"GALLINA, PECHUGA,Trozo,1,50,1,100,1,150,""GALLINA, PECHUGA"",1 Trozo,1 Trozo,1 Trozo,50,100,150"
PAVO ROSTIZADO,Trozo,1,1,1,70,1,110,PAVO ROSTIZADO,1 Trozo,1 Trozo,1 Trozo,1,70,110
"PAVO, PIERNA,Trozo,1,80,1,125,1,310,""PAVO, PIERNA"",1 Trozo,1 Trozo,1 Trozo,80,125,310"
CARNE DE CABALLO CRUDA,Trozo,1,50,1,150,1,180,CARNE DE CABALLO CRUDA,1 Trozo,1 Trozo,1 Trozo,50,150,180
CONEJO CRUDO,Trozo,1,60,1,100,1,140,CONEJO CRUDO,1 Trozo,1 Trozo,1 Trozo,60,100,140
GUATITA CRUDO,Porcion,1,100,1,125,1,170,GUATITA CRUDO,1 Porcion,1 Porcion,1 Porcion,100,125,170
RIÑON COCIDO,Unidad,2,50,3,75,4,100,RIÑON COCIDO,2 Unidad,3 Unidad,4 Unidad,50,75,100
CORAZON COCIDO,Porcion,1,50,1,75,1,100,CORAZON COCIDO,1 Porcion,1 Porcion,1 Porcion,50,75,100
POLLO CONTRE COCIDO,Unidad,1,25,2,50,3,75,POLLO CONTRE COCIDO,1 Unidad,2 Unidad,3 Unidad,25,50,75
PULPA cordero,Trozo,1,50,1,90,1,130,PULPA cordero,1 Trozo,1 Trozo,1 Trozo,50,90,130
FILETE CORDERO,Trozo,1,50,1,90,1,130,FILETE CORDERO,1 Trozo,1 Trozo,1 Trozo,50,90,130
CARNE VACUNO,Trozo,1,50,1,130,1,150,CARNE VACUNO,1 Trozo,1 Trozo,1 Trozo,50,130,150
CAZUELA,Trozo,1,65,1,115,1,160,CAZUELA,1 Trozo,1 Trozo,1 Trozo,65,115,160
PLATEADA,Trozo,1,50,1,130,1,150,PLATEADA,1 Trozo,1 Trozo,1 Trozo,50,130,150
CAZUELA VACUNO,Trozo,1,50,1,85,1,110,CAZUELA VACUNO,1 Trozo,1 Trozo,1 Trozo,50,85,110
CARNE POLLO COCIDO,Trozo,1,50,1,80,1,130,CARNE POLLO COCIDO,1 Trozo,1 Trozo,1 Trozo,50,80,130
LOMO LISO VACUNO,Trozo,1,50,1,130,1,170,LOMO LISO VACUNO,1 Trozo,1 Trozo,1 Trozo,50,130,170
"GONADAS, ERIZO,Unidad,1,20,2,40,3,60,""GONADAS, ERIZO"",1 Unidad,2 Unidad,3 Unidad,20,40,60"
HIGADO VACUNO COCIDO,Porcion,1,60,1,90,1,130,HIGADO VACUNO COCIDO,1 Porcion,1 Porcion,1 Porcion,60,90,130
LECHE MATERNA,Toma,1,55,1,110,1,235,LECHE MATERNA,1 Toma,1 Toma,1 Toma,55,110,235
LECHE DESCREMADA FLUIDA 2%,Taza,1,100,1,200,1,250,LECHE DESCREMADA FLUIDA 2%,1 Taza,1 Taza,1 Taza,100,200,250
LECHE EN POLVO DESCREMADA,cucharada,1,7,3,20,4,30,LECHE EN POLVO DESCREMADA,1 cucharada,3 cucharada,4 cucharada,7,20,30
LECHE LIQUIDA LARGA VIDA SVELTY,taza,1,100,1,200,1,250,LECHE LIQUIDA LARGA VIDA SVELTY,1 taza,1 taza,1 taza,100,200,250
LECHE SVELTY,cucharada,1,7,3,20,4,30,LECHE SVELTY,1 cucharada,3 cucharada,4 cucharada,7,20,30
LECHE LARGA VIDA LA LECHERA SEMIDESCREMADA,cucharada,1,7,3,20,4,30,LECHE LARGA VIDA LA LECHERA SEMIDESCREMADA,1 cucharada,3 cucharada,4 cucharada,7,20,30
LECHE FLUIDA SABORIZADA PROMEDIO,Taza,1,100,1,200,1,250,LECHE FLUIDA SABORIZADA PROMEDIO,1 Taza,1 Taza,1 Taza,100,200,250
LECHE CABRA,Taza,1,50,1,200,1,250,LECHE CABRA,1 Taza,1 Taza,1 Taza,50,200,250
LECHE CABRA,cucharada,1,7,3,20,4,30,LECHE CABRA,1 cucharada,3 cucharada,4 cucharada,7,20,30
LECHE DE BURRA,Taza,1,50,1,200,1,250,LECHE DE BURRA,1 Taza,1 Taza,1 Taza,50,200,250
LECHE LARGA VIDA LA LECHERA SEMIDESCREMADA,Taza,1,50,1,200,1,250,LECHE LARGA VIDA LA LECHERA SEMIDESCREMADA,1 Taza,1 Taza,1 Taza,50,200,250
YOGURT BATIDO DIET,Unidad( pote),1,125,1,140,1,175,YOGURT BATIDO DIET,1 Unidad( pote),1 Unidad( pote),1 Unidad( pote),125,140,175
YOGURT NATURAL,Unidad( pote),1,125,1,140,1,175,YOGURT NATURAL,1 Unidad( pote),1 Unidad( pote),1 Unidad( pote),125,140,175
TOFU,Trozo,1,52,1,70,1,105,TOFU,1 Trozo,1 Trozo,1 Trozo,52,70,105
YOGURT CORRIENTE,Unidad( pote),1,125,1,140,1,175,YOGURT CORRIENTE,1 Unidad( pote),1 Unidad( pote),1 Unidad( pote),125,140,175
YOGURT BATIDO DIET,Unidad( vaso),1,100,1,150,1,250,YOGURT BATIDO DIET,1 Unidad( vaso),1 Unidad( vaso),1 Unidad( vaso),100,150,250
YOGURT BATIDO SIMPLE,Unidad( vaso),1,100,1,150,1,250,YOGURT BATIDO SIMPLE,1 Unidad( vaso),1 Unidad( vaso),1 Unidad( vaso),100,150,250
YOGURT CON SABOR,Unidad( vaso),1,100,1,150,1,250,YOGURT CON SABOR,1 Unidad( vaso),1 Unidad( vaso),1 Unidad( vaso),100,150,250
YOGURT CORRIENTE,Unidad( pote),1,125,1,140,1,175,YOGURT CORRIENTE,1 Unidad( pote),1 Unidad( pote),1 Unidad( pote),125,140,175
LECHE CRUDA DE VACA,Taza,1,100,1,200,1,250,LECHE CRUDA DE VACA,1 Taza,1 Taza,1 Taza,100,200,250
LECHE FLUIDA ENTERA,Taza,1,100,1,200,1,250,LECHE FLUIDA ENTERA,1 Taza,1 Taza,1 Taza,100,200,250
LECHE PASTEURIZADA DE VACA,cucharada,1,7,3,20,4,30,LECHE PASTEURIZADA DE VACA,1 cucharada,3 cucharada,4 cucharada,7,20,30
LECHE LARGA VIDA LA LECHEREA NATURAL,Taza,1,100,1,200,1,250,LECHE LARGA VIDA LA LECHEREA NATURAL,1 Taza,1 Taza,1 Taza,100,200,250
LECHE EVAPORADA,Taza,1/4,40,1/2,80,3/4,120,LECHE EVAPORADA,1/4 Taza,45323 Taza,45385 Taza,40,80,120
PEJERREY,Unidad,1,20,1,31,1,56,PEJERREY,1 Unidad,1 Unidad,1 Unidad,20,31,56
REINETA FILETE,Unidad,1,80,1,120,1,160,REINETA FILETE,1 Unidad,1 Unidad,1 Unidad,80,120,160
JUREL DESMENUZADO EN CONSERVA,Unidad,1,60,1,90,1,120,JUREL DESMENUZADO EN CONSERVA,1 Unidad,1 Unidad,1 Unidad,60,90,120
PESCADO MEDALLÓN,Unidad,1,79,1,159,1,230,PESCADO MEDALLÃ“N,1 Unidad,1 Unidad,1 Unidad,79,159,230
ATÚN EN AGUA LOMITOS EN CONSERVA,Unidad,1,60,1,90,1,120,ATÃšN EN AGUA LOMITOS EN CONSERVA,1 Unidad,1 Unidad,1 Unidad,60,90,120
CONGRIO COLORADO,Unidad,1,60,1,80,1,120,CONGRIO COLORADO,1 Unidad,1 Unidad,1 Unidad,60,80,120
CONGRIO DORADO,Unidad,1,60,1,70,1,120,CONGRIO DORADO,1 Unidad,1 Unidad,1 Unidad,60,70,120
CONGRIO NEGRO,Unidad,1,60,1,60,1,120,CONGRIO NEGRO,1 Unidad,1 Unidad,1 Unidad,60,60,120
CORVINA,Unidad,1,60,1,50,1,120,CORVINA,1 Unidad,1 Unidad,1 Unidad,60,50,120
LENGUADO,Unidad,1,60,1,40,1,120,LENGUADO,1 Unidad,1 Unidad,1 Unidad,60,40,120
MERLUZA O PESCADA FILETE,Unidad,1,80,1,120,1,160,MERLUZA O PESCADA FILETE,1 Unidad,1 Unidad,1 Unidad,80,120,160
PEJEGALLO,Unidad,1,60,1,80,1,120,PEJEGALLO,1 Unidad,1 Unidad,1 Unidad,60,80,120
RONCADOR O CORVINA DE AGUA DULCE,Unidad,1,60,1,80,1,120,RONCADOR O CORVINA DE AGUA DULCE,1 Unidad,1 Unidad,1 Unidad,60,80,120
SIERRA,Unidad,1,60,1,80,1,120,SIERRA,1 Unidad,1 Unidad,1 Unidad,60,80,120
MERLUZA O PESCADA ENTERA TROZO,Unidad,1,70,1,126,1,163,MERLUZA O PESCADA ENTERA TROZO,1 Unidad,1 Unidad,1 Unidad,70,126,163
JUREL AL NATURAL,Unidad,1,60,1,150,1,240,JUREL AL NATURAL,1 Unidad,1 Unidad,1 Unidad,60,150,240
TRUCHA DE CULTIVO,Unidad,1,80,1,120,1,150,TRUCHA DE CULTIVO,1 Unidad,1 Unidad,1 Unidad,80,120,150
SALMON CRUDO,Unidad,1,60,1,80,1,120,SALMON CRUDO,1 Unidad,1 Unidad,1 Unidad,60,80,120
COJINOVA,Unidad,1,60,1,80,1,120,COJINOVA,1 Unidad,1 Unidad,1 Unidad,60,80,120
SALMÓN FILETE,Unidad,1,80,1,160,1,240,SALMON FILETE,1 Unidad,1 Unidad,1 Unidad,80,160,240
ATUN EN ACEITE,Porcion,1,37.5,1,50,1,75,ATUN EN ACEITE,1 Porcion,1 Porcion,1 Porcion,37.5,50,75
JUREL EN ACEITE,Porcion,1,37.5,1,50,1,75,JUREL EN ACEITE,1 Porcion,1 Porcion,1 Porcion,37.5,50,75
SARDINA EN ACEITE,Porcion,1,37.5,1,50,1,75,SARDINA EN ACEITE,1 Porcion,1 Porcion,1 Porcion,37.5,50,75
MERO,Unidad,1,60,1,80,1,120,MERO,1 Unidad,1 Unidad,1 Unidad,60,80,120
CHOLGAS,Porcion,1,14,1,19,1,29,CHOLGAS,1 Porcion,1 Porcion,1 Porcion,14,19,29
CHORITOS,Porcion,1,8,1,6,1,9,CHORITOS,1 Porcion,1 Porcion,1 Porcion,8,6,9
CHOLGAS EN CONSERVA,Porcion,1,56,1,75,1,113,CHOLGAS EN CONSERVA,1 Porcion,1 Porcion,1 Porcion,56,75,113
CHORITOS EN CONSERVA,Porcion,1,56,1,75,1,113,CHORITOS EN CONSERVA,1 Porcion,1 Porcion,1 Porcion,56,75,113
"GONADAS, ERIZOS LENGUAS,Porcion,1,19,1,31,1,64,""GONADAS, ERIZOS LENGUAS"",1 Porcion,1 Porcion,1 Porcion,19,31,64"
CHORO MALTÓN,Porcion,1,30,1,50,1,105,CHORO MALTON,1 Porcion,1 Porcion,1 Porcion,30,50,105
MACHAS,Porcion,1,10,1,12,1,20,MACHAS,1 Porcion,1 Porcion,1 Porcion,10,12,20
OSTIONES,Porcion,1,12,1,18,1,24,OSTIONES,1 Porcion,1 Porcion,1 Porcion,12,18,24
CALAMAR PICADO,Porcion,1,20,1,40,1,60,CALAMAR PICADO,1 Porcion,1 Porcion,1 Porcion,20,40,60
CALAMAR ANILLOS,Porcion,1,10,1,15,1,20,CALAMAR ANILLOS,1 Porcion,1 Porcion,1 Porcion,10,15,20
JIBIA PICADA,unidad,1,40,1,80,1,120,JIBIA PICADA,1 unidad,1 unidad,1 unidad,40,80,120
JIBIA TROZO,Unidad,1,43,1,82,1,118,JIBIA TROZO,1 Unidad,1 Unidad,1 Unidad,43,82,118
COLITAS CAMARÓN,Porcion,1,60,1,90,1,120,COLITAS CAMARON,1 Porcion,1 Porcion,1 Porcion,60,90,120
CAMARÓN ENTERO,Porcion,1,7,1,10,1,13,CAMARON ENTERO,1 Porcion,1 Porcion,1 Porcion,7,10,13
PIURE,Porcion,1,9,1,13,1,24,PIURE,1 Porcion,1 Porcion,1 Porcion,9,13,24
PICOROCO,Porcion,1,12,1,17,1,27,PICOROCO,1 Porcion,1 Porcion,1 Porcion,12,17,27
ALMEJAS EN CONSERVA,Porcion,1,50,1,75,1,100,ALMEJAS EN CONSERVA,1 Porcion,1 Porcion,1 Porcion,50,75,100
MACHAS EN CONSERVA,Porcion,1,50,1,75,1,100,MACHAS EN CONSERVA,1 Porcion,1 Porcion,1 Porcion,50,75,100
ALMEJAS,Porcion,1,8,1,11,1,24,ALMEJAS,1 Porcion,1 Porcion,1 Porcion,8,11,24
SARDINA EN SALSA,Porcion,1,22.5,1,30,1,45,SARDINA EN SALSA,1 Porcion,1 Porcion,1 Porcion,22.5,30,45
CHORITOS EN ACEITE,Unidad,1,45,1,60,1,90,CHORITOS EN ACEITE,1 Unidad,1 Unidad,1 Unidad,45,60,90
CHOLGAS EN ACEITE,Unidad,1,45,1,60,1,90,CHOLGAS EN ACEITE,1 Unidad,1 Unidad,1 Unidad,45,60,90
SARDINA EN CONSERVA,Porcion,1,60,1,90,1,120,SARDINA EN CONSERVA,1 Porcion,1 Porcion,1 Porcion,60,90,120
ATÚN DESMENUZADO EN CONSERVA,Porcion,1,60,1,90,1,120,ATUN DESMENUZADO EN CONSERVA,1 Porcion,1 Porcion,1 Porcion,60,90,120
JAIBA,Porcion,1,45,1,60,1,90,JAIBA,1 Porcion,1 Porcion,1 Porcion,45,60,90
OSTRA,Porcion,1,45,1,60,1,90,OSTRA,1 Porcion,1 Porcion,1 Porcion,45,60,90
ALMEJAS,Porcion,1,60,1,70,1,120,ALMEJAS,1 Porcion,1 Porcion,1 Porcion,60,70,120
LOCOS,Unidad,1,45,1,60,1,90,LOCOS,1 Unidad,1 Unidad,1 Unidad,45,60,90
ACEITE DE OLIVA,cucharada( ml),1,5,2,10,4,20,ACEITE DE OLIVA,1 cucharada( ml),2 cucharada( ml),4 cucharada( ml),5,10,20
ACEITE DE COLZA,cucharada( ml),1,5,2,10,4,20,ACEITE DE COLZA,1 cucharada( ml),2 cucharada( ml),4 cucharada( ml),5,10,20
ACEITE DE CANOLA,cucharada( ml),1,5,2,10,4,20,ACEITE DE CANOLA,1 cucharada( ml),2 cucharada( ml),4 cucharada( ml),5,10,20
ACEITE DE COCO,cucharada( ml),1,5,2,10,4,20,ACEITE DE COCO,1 cucharada( ml),2 cucharada( ml),4 cucharada( ml),5,10,20
ACEITE DE SOJA,cucharada( ml),1,5,2,10,4,20,ACEITE DE SOJA,1 cucharada( ml),2 cucharada( ml),4 cucharada( ml),5,10,20
ACEITE PEPITA DE UVA,cucharada( ml),1,5,2,10,4,20,ACEITE PEPITA DE UVA,1 cucharada( ml),2 cucharada( ml),4 cucharada( ml),5,10,20
ACEITE DE MAÍZ,cucharada( ml),1,5,2,10,4,20,ACEITE DE MAÃZ,1 cucharada( ml),2 cucharada( ml),4 cucharada( ml),5,10,20
ACEITE DE MARAVILLA,cucharada( ml),1,5,2,10,4,20,ACEITE DE MARAVILLA,1 cucharada( ml),2 cucharada( ml),4 cucharada( ml),5,10,20
MARGARINA DIET,cucharada( ml),1,8,2,15,4,30,MARGARINA DIET,1 cucharada( ml),2 cucharada( ml),4 cucharada( ml),8,15,30
MARGARINA,cucharada( ml),1,5,2,10,4,15,MARGARINA,1 cucharada( ml),2 cucharada( ml),4 cucharada( ml),5,10,15
MAYONESA LIGHT,cucharada( ml),1,13.5,1.5,18,3,27,MAYONESA LIGHT,1 cucharada( ml),45413 cucharada( ml),3 cucharada( ml),13.5,18,27
CHÍA,cucharada( ml),0.5,9,1,12,2,18,CHÃA,0.5 cucharada( ml),1 cucharada( ml),2 cucharada( ml),9,12,18
LINAZA SEMILLA,cucharada( ml),0.5,9,1,12,2,18,LINAZA SEMILLA,0.5 cucharada( ml),1 cucharada( ml),2 cucharada( ml),9,12,18
ZAPALLO SEMILLA,cucharada( ml),0.5,10,1,8,2,12,ZAPALLO SEMILLA,0.5 cucharada( ml),1 cucharada( ml),2 cucharada( ml),10,8,12
NUEZ,Unidad,2.5,18.8,5,25,10,37.5,NUEZ,2.5 Unidad,5 Unidad,10 Unidad,18.8,25,37.5
ALMENDRA,Unidad,3,4.5,6,6,12,9,ALMENDRA,3 Unidad,6 Unidad,12 Unidad,4.5,6,9
ALMENDRAS SALADAS,cuharada,1,14,2,28,4,56,ALMENDRAS SALADAS,1 cuharada,2 cuharada,4 cuharada,14,28,56
AVELLANA,Unidad,4,3.8,7,5,12,7.5,AVELLANA,4 Unidad,7 Unidad,12 Unidad,3.8,5,7.5
MANI,Unidad,21,15,42,30,63,45,MANI,21 Unidad,42 Unidad,63 Unidad,15,30,45
MANI SALADO,cuharada,1,11,2,14,4,21,MANI SALADO,1 cuharada,2 cuharada,4 cuharada,11,14,21
PISTACHO,Unidad,24,15,48,30,72,45,PISTACHO,24 Unidad,48 Unidad,72 Unidad,15,30,45
ACEITUNA,Unidad,9,50,18,100,27,150,ACEITUNA,9 Unidad,18 Unidad,27 Unidad,50,100,150
ACEITUNA VERDE SIN CAROZO,Unidad,9,50,18,100,27,150,ACEITUNA VERDE SIN CAROZO,9 Unidad,18 Unidad,27 Unidad,50,100,150
PALTA ENTERA,Unidad,1,90,1,130,1,170,PALTA ENTERA,1 Unidad,1 Unidad,1 Unidad,90,130,170
PALTA MITAD,cucharada( ml),0.5,45,1,65,2,85,PALTA MITAD,0.5 cucharada( ml),1 cucharada( ml),2 cucharada( ml),45,65,85
PALTA MOLIDA,cucharada( ml),1,45,2,90,3,135,PALTA MOLIDA,1 cucharada( ml),2 cucharada( ml),3 cucharada( ml),45,90,135
PALTA REBANADAS,cucharada( ml),1,45,2,90,3,135,PALTA REBANADAS,1 cucharada( ml),2 cucharada( ml),3 cucharada( ml),45,90,135
CACAO SIN AZÚCAR,cucharada( ml),,,,,,,CACAO SIN AZUCAR,,,,,,
CASTAÑA DE CAJÚ,Unidad,11,15,22,30,33,45,CASTAÑA DE CAJU,11 Unidad,22 Unidad,33 Unidad,15,30,45
HIGOS SECOS,Unidad,2,24,4,48,6,72,HIGOS SECOS,2 Unidad,4 Unidad,6 Unidad,24,48,72
PASAS,Unidad,15,15,20,20,30,30,PASAS,15 Unidad,20 Unidad,30 Unidad,15,20,30
PERA DESECADA,rodelas,4,16,7,25,10,40,PERA DESECADA,4 rodelas,7 rodelas,10 rodelas,16,25,40
MANZANA DESECADA,rodelas,4,16,7,25,10,40,MANZANA DESECADA,4 rodelas,7 rodelas,10 rodelas,16,25,40
HUESILLO,Unidad,1,30,2,60,4,120,HUESILLO,1 Unidad,2 Unidad,4 Unidad,30,60,120
CIRUELA DESECADA,Unidad,1,10,3,30,4,40,CIRUELA DESECADA,1 Unidad,3 Unidad,4 Unidad,10,30,40
DAMASCOS SECOS,Unidad,1,10,3,30,4,40,DAMASCOS SECOS,1 Unidad,3 Unidad,4 Unidad,10,30,40
GRASA ANIMAL,cucharada( ml),0.5,3,1,6,2,9,GRASA ANIMAL,0.5 cucharada( ml),1 cucharada( ml),2 cucharada( ml),3,6,9
MANTECA DE CERDO/CHICHARRONES,cucharada( ml),1,20,2,40,4,60,MANTECA DE CERDO/CHICHARRONES,1 cucharada( ml),2 cucharada( ml),4 cucharada( ml),20,40,60
MANTECA VEGETAL,cucharada( ml),0.5,3,1,6,2,9,MANTECA VEGETAL,0.5 cucharada( ml),1 cucharada( ml),2 cucharada( ml),3,6,9
MANTECA TROZOS,unidad,1,20,1,40,1,60,MANTECA TROZOS,1 unidad,1 unidad,1 unidad,20,40,60
MANTECA CUCHARADAS,cucharada( ml),1,20,2,40,4,60,MANTECA CUCHARADAS,1 cucharada( ml),2 cucharada( ml),4 cucharada( ml),20,40,60
MANTEQUILLA TROZO Y BOLITAS,cucharada( ml),1,5,2,10,4,15,MANTEQUILLA TROZO Y BOLITAS,1 cucharada( ml),2 cucharada( ml),4 cucharada( ml),5,10,15
MAYONESA,cucharada( ml),1,10,2,20,4,30,MAYONESA,1 cucharada( ml),2 cucharada( ml),4 cucharada( ml),10,20,30
CREMA ESPESA,cucharada( ml),1,10,2,20,4,30,CREMA ESPESA,1 cucharada( ml),2 cucharada( ml),4 cucharada( ml),10,20,30
CREMA ÁCIDA LÍQUIDA,cucharada( ml),1,7,2,15,4,30,CREMA ACIDA LIQUIDA,1 cucharada( ml),2 cucharada( ml),4 cucharada( ml),7,15,30
CREMA CHANTILLY,cucharada( ml),1,10,2,20,4,30,CREMA CHANTILLY,1 cucharada( ml),2 cucharada( ml),4 cucharada( ml),10,20,30
TOCINO,rebanada,0.5,4,1,8,2,12,TOCINO,0.5 rebanada,1 rebanada,2 rebanada,4,8,12
"PATÉ DE AVE, TERNERA,cucharada( ml),1,5,2,10,4,15,""PATE DE AVE, TERNERA"",1 cucharada( ml),2 cucharada( ml),4 cucharada( ml),5,10,15"
PATÉ DE FOIE,cucharada( ml),1,10,2,20,4,40,PATE DE FOIE,1 cucharada( ml),2 cucharada( ml),4 cucharada( ml),10,20,40
PAPAS FRITAS BAJAS EN GRASA,Porcion,1,75,1,100,1,150,PAPAS FRITAS BAJAS EN GRASA,1 Porcion,1 Porcion,1 Porcion,75,100,150
PAPAS FRITAS,Porcion,1,85,1,160,1,240,PAPAS FRITAS,1 Porcion,1 Porcion,1 Porcion,85,160,240
PAPA CONGELADA PARA FREIR,Porcion,1,85,1,160,1,240,PAPA CONGELADA PARA FREIR,1 Porcion,1 Porcion,1 Porcion,85,160,240
PAPAS FRITAS EN JULIANA,Porcion,1,85,1,160,1,240,PAPAS FRITAS EN JULIANA,1 Porcion,1 Porcion,1 Porcion,85,160,240
PAPAS FRITAS LIGHT,Porcion,1,85,1,160,1,240,PAPAS FRITAS LIGHT,1 Porcion,1 Porcion,1 Porcion,85,160,240
PAPAS HASH BROWN,Porcion,1,81,1,108,1,162,PAPAS HASH BROWN,1 Porcion,1 Porcion,1 Porcion,81,108,162
PAPAS FRITAS CON QUESO,Porcion,1,75,1,100,1,150,PAPAS FRITAS CON QUESO,1 Porcion,1 Porcion,1 Porcion,75,100,150
PAPAS FRITAS CON CREMA ÁCIDA Y CEBOLLA,Porcion,1,75,1,100,1,150,PAPAS FRITAS CON CREMA ÃCIDA Y CEBOLLA,1 Porcion,1 Porcion,1 Porcion,75,100,150
CHURRITOS BARCEL,Porcion,1,22,1,30,1,45,CHURRITOS BARCEL,1 Porcion,1 Porcion,1 Porcion,22,30,45
DORITOS BOLSA PEQUEÑA,Porcion,1,30,1,40,1,60,DORITOS BOLSA PEQUEÑA,1 Porcion,1 Porcion,1 Porcion,30,40,60
DORITOS BOLSA MEDIANA,Porcion,1,67,1,90,1,135,DORITOS BOLSA MEDIANA,1 Porcion,1 Porcion,1 Porcion,67,90,135
DORITOS BOLSA GRANDE,Porcion,1,135,1,180,1,270,DORITOS BOLSA GRANDE,1 Porcion,1 Porcion,1 Porcion,135,180,270
DORITOS TOSTITOS BOLSAS,Porcion,1,240,1,320,1,480,DORITOS TOSTITOS BOLSAS,1 Porcion,1 Porcion,1 Porcion,240,320,480
BUÑUELOS,Porcion,1,75,1,100,1,150,BUÑUELOS,1 Porcion,1 Porcion,1 Porcion,75,100,150
DORADITAS,Porcion,1,131,1,175,1,263,DORADITAS,1 Porcion,1 Porcion,1 Porcion,131,175,263
FRITURAS DE MAÍZ CON LIMÓN Y SAL,Porcion,1,75,1,100,1,150,FRITURAS DE MAIZ CON LIMON Y SAL,1 Porcion,1 Porcion,1 Porcion,75,100,150
PAPAS FRITAS CLÁSICAS BOLSA MEDIANA,Porcion,1,187,1,250,1,375,PAPAS FRITAS CLASICAS BOLSA MEDIANA,1 Porcion,1 Porcion,1 Porcion,187,250,375
PAPAS FRITAS CLÁSICAS BOLSA GRANDE,Porcion,1,337,1,450,1,675,PAPAS FRITAS CLASICAS BOLSA GRANDE,1 Porcion,1 Porcion,1 Porcion,337,450,675
PAPAS FRITAS CORTE AMERICANO PEQUEÑAS,Porcion,1,28,1,38,1,57,PAPAS FRITAS CORTE AMERICANO PEQUEÑAS,1 Porcion,1 Porcion,1 Porcion,28,38,57
PAPAS FRITAS MEDITERRÁNEAS MEDIANAS,Porcion,1,127,1,170,1,255,PAPAS FRITAS MEDITERRANEAS MEDIANAS,1 Porcion,1 Porcion,1 Porcion,127,170,255
PAPAS FRITAS MEDITERRÁNEAS PEQUEÑAS,Porcion,1,31,1,42,1,63,PAPAS FRITAS MEDITERRANEAS PEQUEÑAS,1 Porcion,1 Porcion,1 Porcion,31,42,63
PAPAS FRITAS RESTÓ PEQUEÑAS,Porcion,1,24,1,32,1,48,PAPAS FRITAS RESTO PEQUEÑAS,1 Porcion,1 Porcion,1 Porcion,24,32,48
PAPAS FRITAS RESTÓ MEDIANAS,Porcion,1,120,1,160,1,240,PAPAS FRITAS RESTO MEDIANAS,1 Porcion,1 Porcion,1 Porcion,120,160,240
PAPAS FRITAS STAK TARRO,Porcion,1,122,1,163,1,245,PAPAS FRITAS STAK TARRO,1 Porcion,1 Porcion,1 Porcion,122,163,245
PAPAS FRITAS TARRO,Porcion,1,120,1,160,1,240,PAPAS FRITAS TARRO,1 Porcion,1 Porcion,1 Porcion,120,160,240
PAPAS FRITAS TARRO GRANDE,Porcion,1,262,1,350,1,525,PAPAS FRITAS TARRO GRANDE,1 Porcion,1 Porcion,1 Porcion,262,350,525
PAPAS FRITAS TARRO CHICO,Porcion,1,30,1,40,1,60,PAPAS FRITAS TARRO CHICO,1 Porcion,1 Porcion,1 Porcion,30,40,60
PAPAS FRITAS TARRO MEDIANO,Porcion,1,127,1,170,1,255,PAPAS FRITAS TARRO MEDIANO,1 Porcion,1 Porcion,1 Porcion,127,170,255
CREMA LIGHT,cucharada,1,10,2,20,3,30,CREMA LIGHT,1 cucharada,2 cucharada,3 cucharada,10,20,30
CREMA ESPESA LECHE,cucharada,1,12,2,24,3,36,CREMA ESPESA LECHE,1 cucharada,2 cucharada,3 cucharada,12,24,36
CREMA ACIDA,cucharada,1,6,2,12,3,38,CREMA ACIDA,1 cucharada,2 cucharada,3 cucharada,6,12,38
CREMA CHANTILLY,cucharada,2,10,3,15,4,20,CREMA CHANTILLY,2 cucharada,3 cucharada,4 cucharada,10,15,20
PATÉ,cucharadita,1,12,1 1/2,18,2,24,PATE,1 cucharadita,1 1/2 cucharadita,2 cucharadita,12,18,24
PATÉ LA PIARA JAMÓN,cucharadita,1,12,1 1/2,18,2,24,PATE LA PIARA JAMON,1 cucharadita,1 1/2 cucharadita,2 cucharadita,12,18,24
PATÉ LA PIARA TERNERA,cucharadita,1,12,1 1/2,18,2,24,PATE LA PIARA TERNERA,1 cucharadita,1 1/2 cucharadita,2 cucharadita,12,18,24
PATÉ FOIE,cucharadita,1,12,1 1/2,18,2,24,PATE FOIE,1 cucharadita,1 1/2 cucharadita,2 cucharadita,12,18,24
PATÉ AVE,cucharadita,1,12,1 1/2,18,2,24,PATE AVE,1 cucharadita,1 1/2 cucharadita,2 cucharadita,12,18,24
QUESO CHANCO MANTECOSO,trozo,1,25,1,50,1,75,QUESO CHANCO MANTECOSO,1 trozo,1 trozo,1 trozo,25,50,75
QUESO GAUDA,lámina,1,22,2,30,3,45,QUESO GAUDA,1 lámina,2 lámina,3 lámina,22,30,45
QUESO CREMA,cucharadita,1,6,1,12,1,18,QUESO CREMA,1 cucharadita,1 cucharadita,1 cucharadita,6,12,18
QUESO CHEDDAR,lámina,1,22,2,30,3,45,QUESO CHEDDAR,1 lámina,2 lámina,3 lámina,22,30,45
QUESO DE CABRA,trozo,1,25,1,50,1,75,QUESO DE CABRA,1 trozo,1 trozo,1 trozo,25,50,75
QUESO LÁMINAS DE TROZO 1,trozo,1,10,1,20,1,30,QUESO LAMINAS DE TROZO 1,1 trozo,1 trozo,1 trozo,10,20,30
QUESO LÁMINAS DE TROZO 2,trozo,1,20,1,40,1,60,QUESO LAMINAS DE TROZO 2,1 trozo,1 trozo,1 trozo,20,40,60
QUESO HOLANDES,rebanada,1,30,1,60,1,90,QUESO HOLANDES,1 rebanada,1 rebanada,1 rebanada,30,60,90
QUESO PARMESANO,cucharadita,3,18,5,25,8,38,QUESO PARMESANO,3 cucharadita,5 cucharadita,8 cucharadita,18,25,38
QUESO PATEGRAS,rebanada,1,30,1,60,1,90,QUESO PATEGRAS,1 rebanada,1 rebanada,1 rebanada,30,60,90
QUESO SUIZO,rebanada,1,25,1,50,1,75,QUESO SUIZO,1 rebanada,1 rebanada,1 rebanada,25,50,75
QUESO CAMEMBERT,trozo,1,25,1,50,1,75,QUESO CAMEMBERT,1 trozo,1 trozo,1 trozo,25,50,75
QUESO COTTAGE,cucharada,3,60,4,80,6,120,QUESO COTTAGE,3 cucharada,4 cucharada,6 cucharada,60,80,120
QUESO PROVOLETA,trozo,1,25,1,50,1,75,QUESO PROVOLETA,1 trozo,1 trozo,1 trozo,25,50,75
QUESO EDAM,trozo,1,25,1,50,1,75,QUESO EDAM,1 trozo,1 trozo,1 trozo,25,50,75
QUESO PARMESANO RALLADO,cucharadita,3,10,5,15,7,20,QUESO PARMESANO RALLADO,3 cucharadita,5 cucharadita,7 cucharadita,10,15,20
QUESILLO LAMINADO,lámina,2,60,3,90,4,120,QUESILLO LAMINADO,2 lámina,3 lámina,4 lámina,60,90,120
QUESILLO TROZO,trozo,1,60,1,90,1,120,QUESILLO TROZO,1 trozo,1 trozo,1 trozo,60,90,120
QUESO BRIE,trozo,1,25,1,50,1,75,QUESO BRIE,1 trozo,1 trozo,1 trozo,25,50,75
QUESO GRUYERE,trozo,1,25,1,50,1,75,QUESO GRUYERE,1 trozo,1 trozo,1 trozo,25,50,75
QUESO RICOTA,cucharada,2,49,3,65,5,98,QUESO RICOTA,2 cucharada,3 cucharada,5 cucharada,49,65,98
QUESO RICOTA LIGHT,cucharada,2,49,3,65,5,98,QUESO RICOTA LIGHT,2 cucharada,3 cucharada,5 cucharada,49,65,98
QUESO UNTABLE,cucharada,1,22,2,30,3,45,QUESO UNTABLE,1 cucharada,2 cucharada,3 cucharada,22,30,45
LECHE EN POLVO 18% MAT. GRASA,cucharada,1,15,1,20,1,30,LECHE EN POLVO 18% MAT. GRASA,1 cucharada,1 cucharada,1 cucharada,15,20,30
LECHE EN POLVO 12% MAT. GRASA,cucharada,1,15,1,20,1,30,LECHE EN POLVO 12% MAT. GRASA,1 cucharada,1 cucharada,1 cucharada,15,20,30
LECHE EXTRA CALCIO EN POLVO,Taza,1,178,1,237,1,355,LECHE EXTRA CALCIO EN POLVO,1 Taza,1 Taza,1 Taza,178,237,355
LECHE DE SOJA,Taza,1,100,1,150,1,225,LECHE DE SOJA,1 Taza,1 Taza,1 Taza,100,150,225
LECHE FLUIDA SEMIDESCREMADA,Taza,1,150,1,200,1,300,LECHE FLUIDA SEMIDESCREMADA,1 Taza,1 Taza,1 Taza,150,200,300
LECHE CONDENSADA,cucharadita,2,38,3,50,4,75,LECHE CONDENSADA,2 cucharadita,3 cucharadita,4 cucharadita,38,50,75
LECHE ENTERA PASTEURIZADA DE VACA,Taza,1,150,1,200,1,300,LECHE ENTERA PASTEURIZADA DE VACA,1 Taza,1 Taza,1 Taza,150,200,300
LECHE CON ARROZ,Taza,1,150,1,200,1,300,LECHE CON ARROZ,1 Taza,1 Taza,1 Taza,150,200,300
LECHE EN POLVO 26% MAT. GRASA,cucharada,1,15,1,20,1,30,LECHE EN POLVO 26% MAT. GRASA,1 cucharada,1 cucharada,1 cucharada,15,20,30
LECHE EVAPORADA,Taza,1,60,1,80,1,120,LECHE EVAPORADA,1 Taza,1 Taza,1 Taza,60,80,120
LECHE DE CABRA,Taza,1,60,1,80,1,120,LECHE DE CABRA,1 Taza,1 Taza,1 Taza,60,80,120
LECHE PURITA CEREAL,cucharada,1,15,1,20,1,30,LECHE PURITA CEREAL,1 cucharada,1 cucharada,1 cucharada,15,20,30
YOGURT BATIDO SIMPLE,Unidad,1,131,1,175,1,262,YOGURT BATIDO SIMPLE,1 Unidad,1 Unidad,1 Unidad,131,175,262
YOGURT CON SABOR,Unidad,1,131,1,175,1,262,YOGURT CON SABOR,1 Unidad,1 Unidad,1 Unidad,131,175,262
YOGURT CON FRUTAS,Unidad,1,131,1,175,1,262,YOGURT CON FRUTAS,1 Unidad,1 Unidad,1 Unidad,131,175,262
YOGURT BATIDO CON PULPA DE FRUTA,Unidad,1,113,1,150,1,225,YOGURT BATIDO CON PULPA DE FRUTA,1 Unidad,1 Unidad,1 Unidad,113,150,225
TOFU,rebanada,1,52,1,70,1,105,TOFU,1 rebanada,1 rebanada,1 rebanada,52,70,105
JAMÓN,tajada,1,30,1,40,1,60,JAMON,1 tajada,1 tajada,1 tajada,30,40,60
JAMÓN COLONIAL,tajada,1,33,1,40,1,60,JAMON COLONIAL,1 tajada,1 tajada,1 tajada,33,40,60
JAMÓN PRAGA,tajada,1,25,1,33,1,49,JAMON PRAGA,1 tajada,1 tajada,1 tajada,25,33,49
JAMÓN SANWICH,tajada,1,23,1,30,1,45,JAMON SANWICH,1 tajada,1 tajada,1 tajada,23,30,45
JAMÓN DE PAVO,tajada,1,38,1,50,1,75,JAMON DE PAVO,1 tajada,1 tajada,1 tajada,38,50,75
LONGANIZA,rodela,3,65,4,104,6,140,LONGANIZA,3 rodela,4 rodela,6 rodela,65,104,140
LONGANICILLA,rodela,1,20,1,25,1,37,LONGANICILLA,1 rodela,1 rodela,1 rodela,20,25,37
MORTADELA,rebanada,3,30,4,40,6,60,MORTADELA,3 rebanada,4 rebanada,6 rebanada,30,40,60
ARROLLADO HUASO,rebanada,0.5,19,1,25,2,37,ARROLLADO HUASO,0.5 rebanada,1 rebanada,2 rebanada,19,25,37
QUESO CABEZA DE CERDO,rebanada,1,20,2,40,3,60,QUESO CABEZA DE CERDO,1 rebanada,2 rebanada,3 rebanada,20,40,60
SALAME,tajada,1,20,2,20,3,60,SALAME,1 tajada,2 tajada,3 tajada,20,20,60
PRIETA,Unidad,1,70,1,106,1,127,PRIETA,1 Unidad,1 Unidad,1 Unidad,70,106,127
VIENESA,Unidad,1,50,1,94,1,115,VIENESA,1 Unidad,1 Unidad,1 Unidad,50,94,115
VIENESA DE CERDO,Unidad,1,50,1,94,1,115,VIENESA DE CERDO,1 Unidad,1 Unidad,1 Unidad,50,94,115
VIENESA DE PAVO,Unidad,1,50,1,94,1,115,VIENESA DE PAVO,1 Unidad,1 Unidad,1 Unidad,50,94,115
POLLO HÍGADO COCIDO,Unidad,1,50,1,75,1,100,POLLO HIGADO COCIDO,1 Unidad,1 Unidad,1 Unidad,50,75,100
POLLO CONTRE,Unidad,1,50,1,75,1,100,POLLO CONTRE,1 Unidad,1 Unidad,1 Unidad,50,75,100
POLLO PECHUGA FILETILLO,trozo,1,50,1,100,1,150,POLLO PECHUGA FILETILLO,1 trozo,1 trozo,1 trozo,50,100,150
"GALLINA, PIERNA,trozo,1,50,1,100,1,150,""GALLINA, PIERNA"",1 trozo,1 trozo,1 trozo,50,100,150"
PATO COCIDO (SIN PIEL),trozo,1,30,1,40,1,60,PATO COCIDO (SIN PIEL),1 trozo,1 trozo,1 trozo,30,40,60
HUEVO YEMA,Unidad,1,11,1,15,1,19,HUEVO YEMA,1 Unidad,1 Unidad,1 Unidad,11,15,19
HUEVO ENTERO,Unidad,1,50,2,100,3,300,HUEVO ENTERO,1 Unidad,2 Unidad,3 Unidad,50,100,300
HUEVO CLARA,Unidad,1,28,1,34,1,40,HUEVO CLARA,1 Unidad,1 Unidad,1 Unidad,28,34,40
HUEVO CODORNIZ,Unidad,1,13,2,25,4,50,HUEVO CODORNIZ,1 Unidad,2 Unidad,4 Unidad,13,25,50
CARNE CORDERO,trozo,1,37,1,50,1,75,CARNE CORDERO,1 trozo,1 trozo,1 trozo,37,50,75
CHULETA,trozo,1,37,1,50,1,75,CHULETA,1 trozo,1 trozo,1 trozo,37,50,75
CAZUELA CORDERO,trozo,1,37,1,50,1,75,CAZUELA CORDERO,1 trozo,1 trozo,1 trozo,37,50,75
CARNE CERDO,trozo,1,37,1,50,1,75,CARNE CERDO,1 trozo,1 trozo,1 trozo,37,50,75
CAZUELA CERDO,trozo,1,37,1,50,1,75,CAZUELA CERDO,1 trozo,1 trozo,1 trozo,37,50,75
CORDERO HÍGADO COCIDO,trozo,1,45,1,60,1,90,CORDERO HIGADO COCIDO,1 trozo,1 trozo,1 trozo,45,60,90
UBRE,trozo,1,45,1,60,1,90,UBRE,1 trozo,1 trozo,1 trozo,45,60,90
UBRE LAMINADA,lámina,1,60,1,120,1,180,UBRE LAMINADA,1 lámina,1 lámina,1 lámina,60,120,180
LENGUA COCIDA,trozo,1,45,1,60,1,90,LENGUA COCIDA,1 trozo,1 trozo,1 trozo,45,60,90
SESO COCIDO,filete,1,80,1,120,1,150,SESO COCIDO,1 filete,1 filete,1 filete,80,120,150
PANITA DE VACUNO,filete,1,80,1,120,1,150,PANITA DE VACUNO,1 filete,1 filete,1 filete,80,120,150
CHUNCHUL,unidad,1,60,1,90,1,120,CHUNCHUL,1 unidad,1 unidad,1 unidad,60,90,120
CHUNCHUL PICADO,Porcion,1,60,1,90,1,120,CHUNCHUL PICADO,1 Porcion,1 Porcion,1 Porcion,60,90,120
SALCICHÓN CERVEZA,rebanada,1,14,1,21,1,31,SALCICHON CERVEZA,1 rebanada,1 rebanada,1 rebanada,14,21,31
PANCETA,rebanada,1,80,1,120,1,150,PANCETA,1 rebanada,1 rebanada,1 rebanada,80,120,150
CHORIZO ALEMÁN,Unidad,1,37,1,50,1,75,CHORIZO ALEMAN,1 Unidad,1 Unidad,1 Unidad,37,50,75
GORDA,Unidad,1,37,1,50,1,75,GORDA,1 Unidad,1 Unidad,1 Unidad,37,50,75
CARNE VEGETAL,cucharadas,4,19,5,25,7,38,CARNE VEGETAL,4 cucharadas,5 cucharadas,7 cucharadas,19,25,38
"VACUNO (FILETE, ASIENTO PICANA, LOMOLISO, POLLO GANSO, POSTA NEGRA, POSTA ROSADA, CARNE MOLIDA (TÁRTARO), PUNTA PALETA, ABASTERO,trozo,1,37,1,50,1,75,""VACUNO (FILETE, ASIENTO PICANA, LOMOLISO, POLLO GANSO, POSTA NEGRA, POSTA ROSADA, CARNE MOLIDA (TARTARO), PUNTA PALETA, ABASTERO"",1 trozo,1 trozo,1 trozo,37,50,75"
PULPA DE CORDERO,trozo,1,37,1,50,1,75,PULPA DE CORDERO,1 trozo,1 trozo,1 trozo,37,50,75
PULPA Y FILETE DE CERDO,trozo,1,45,1,60,1,90,PULPA Y FILETE DE CERDO,1 trozo,1 trozo,1 trozo,45,60,90
"POLLO COCIDO, GALLINA PIERNA, GALLINA PECHUGA, PAVO PIERNA,trozo,1,37,1,50,1,75,""POLLO COCIDO, GALLINA PIERNA, GALLINA PECHUGA, PAVO PIERNA"",1 trozo,1 trozo,1 trozo,37,50,75"
PAVO PECHUGA,rebanada,2,45,3,60,4,90,PAVO PECHUGA,2 rebanada,3 rebanada,4 rebanada,45,60,90
CARNE DE CABALLO CRUDA,trozo,1,37,1,50,1,75,CARNE DE CABALLO CRUDA,1 trozo,1 trozo,1 trozo,37,50,75
CONEJO,trozo,1,45,1,60,1,90,CONEJO,1 trozo,1 trozo,1 trozo,45,60,90
CONTRE DE POLLO COCIDO,unidad,2,37,3,50,4,75,CONTRE DE POLLO COCIDO,2 unidad,3 unidad,4 unidad,37,50,75
RIÑÓN COCIDO,lóbulos,1,37,2,50,3,75,RIÑON COCIDO,1 lóbulos,2 lóbulos,3 lóbulos,37,50,75
CORAZÓN COCIDO,trozo,1,37,1,50,1,75,CORAZON COCIDO,1 trozo,1 trozo,1 trozo,37,50,75
"VACUNO (LOMO VETADO, HUACHALOMO, PLATEADA, ASADO DE TIRA, TAPAPECHO, OSOBUCO, SOBRECOSTILLA),trozo,1,37,1,50,1,75,""VACUNO (LOMO VETADO, HUACHALOMO, PLATEADA, ASADO DE TIRA, TAPAPECHO, OSOBUCO, SOBRECOSTILLA)"",1 trozo,1 trozo,1 trozo,37,50,75"
CARNE MOLIDA CORRIENTE DE VACUNO,cucharada,2,37,3,50,4,75,CARNE MOLIDA CORRIENTE DE VACUNO,2 cucharada,3 cucharada,4 cucharada,37,50,75
CARNE PICADA,Porcion,1,50,1,100,1,150,CARNE PICADA,1 Porcion,1 Porcion,1 Porcion,50,100,150
LENGUA DE VACUNO LÁMINA,lámina,1,60,1,120,1,180,LENGUA DE VACUNO LAMINA,1 lámina,1 lámina,1 lámina,60,120,180
POLLO TRUTRO ENTERO CARNE,trozo,1,119,1,167,1,231,POLLO TRUTRO ENTERO CARNE,1 trozo,1 trozo,1 trozo,119,167,231
POLLO TRUTRO CORTO,trozo,1,64,1,91,1,128,POLLO TRUTRO CORTO,1 trozo,1 trozo,1 trozo,64,91,128
POLLO TRUTRO LARGO,trozo,1,51,1,75,1,112,POLLO TRUTRO LARGO,1 trozo,1 trozo,1 trozo,51,75,112
POLLO PECHUGA DESHUESADA,trozo,1,50,1,100,1,150,POLLO PECHUGA DESHUESADA,1 trozo,1 trozo,1 trozo,50,100,150
POLLO ALA,Unidad,1,73,1,82,1,102,POLLO ALA,1 Unidad,1 Unidad,1 Unidad,73,82,102
POLLO TRUTRO ALA,Unidad,1,22,1,30,1,40,POLLO TRUTRO ALA,1 Unidad,1 Unidad,1 Unidad,22,30,40
POLLO PATA,Unidad,1,40,1,55,1,65,POLLO PATA,1 Unidad,1 Unidad,1 Unidad,40,55,65
POLLO PICADO,Porcion,1,50,1,100,1,150,POLLO PICADO,1 Porcion,1 Porcion,1 Porcion,50,100,150
PAVO OSOBUCO,trozo,1,67,1,100,1,169,PAVO OSOBUCO,1 trozo,1 trozo,1 trozo,67,100,169
PAVO ALA MEDIA,Unidad,1,79,1,100,1,183,PAVO ALA MEDIA,1 Unidad,1 Unidad,1 Unidad,79,100,183
PAVO TRUTRO ALA,Unidad,1,125,0,0,0,0,PAVO TRUTRO ALA,1 Unidad,0 Unidad,0 Unidad,125,0,0
PAVO TRURO CORTO,Unidad,0,0,1,310,0,0,PAVO TRURO CORTO,0 Unidad,1 Unidad,0 Unidad,0,310,0
CERDO PULPA,trozo,1,50,1,100,1,150,CERDO PULPA,1 trozo,1 trozo,1 trozo,50,100,150
CERDO COSTILLAR,Unidad,1,110,1,156,1,207,CERDO COSTILLAR,1 Unidad,1 Unidad,1 Unidad,110,156,207
CERDO CHULETA,filete,1,78,1,121,1,174,CERDO CHULETA,1 filete,1 filete,1 filete,78,121,174
CERDO PERNIL,filete,1,50,1,92,1,140,CERDO PERNIL,1 filete,1 filete,1 filete,50,92,140
CERDO PERNIL LÁMINA,lámina,1,50,1,92,1,140,CERDO PERNIL LAMINA,1 lámina,1 lámina,1 lámina,50,92,140
CERDO PICADO,Porcion,1,50,1,100,1,150,CERDO PICADO,1 Porcion,1 Porcion,1 Porcion,50,100,150
CERDO CUERO EN JULIANA,Porcion,1,20,1,40,1,60,CERDO CUERO EN JULIANA,1 Porcion,1 Porcion,1 Porcion,20,40,60
CONEJO MUSLO,Unidad,1,100,1,120,1,140,CONEJO MUSLO,1 Unidad,1 Unidad,1 Unidad,100,120,140
CONEJO LOMO,filete,1,126,1,144,1,140,CONEJO LOMO,1 filete,1 filete,1 filete,126,144,140
CONEJO PATA,Unidad,1,48,1,64,1,82,CONEJO PATA,1 Unidad,1 Unidad,1 Unidad,48,64,82
CHARQUI EQUINO,taza,1,18,1,36,1,55,CHARQUI EQUINO,1 taza,1 taza,1 taza,18,36,55
GRASA ANIMAL,cucharada,1,15,2,30,3,45,GRASA ANIMAL,1 cucharada,2 cucharada,3 cucharada,15,30,45
MANTECA DE CERDO/ CHICHARRONES,cucharadita,2,15,2,30,3,45,MANTECA DE CERDO/ CHICHARRONES,2 cucharadita,2 cucharadita,3 cucharadita,15,30,45
MANTECA VEGETAL,cucharada,1,10,2,20,3,30,MANTECA VEGETAL,1 cucharada,2 cucharada,3 cucharada,10,20,30
MARGARINA,cucharadita,1,10,2,20,3,30,MARGARINA,1 cucharadita,2 cucharadita,3 cucharadita,10,20,30
MARGARINA DIET,cucharadita,1,10,2,20,3,30,MARGARINA DIET,1 cucharadita,2 cucharadita,3 cucharadita,10,20,30
AZUCAR,cucharadita,1,5,2,10,3,15,AZUCAR,1 cucharadita,2 cucharadita,3 cucharadita,5,10,15
MERMELADAS PROMEDIO,cucharadita,1,7.5,2,15,3,23,MERMELADAS PROMEDIO,1 cucharadita,2 cucharadita,3 cucharadita,7.5,15,23
"MEMBRILLO, DULCE,cucharadita,1,8,2,16,3,24,""MEMBRILLO, DULCE"",1 cucharadita,2 cucharadita,3 cucharadita,8,16,24"
DULCE DE LECHE,cucharadita,1,7.5,2,15,3,23,DULCE DE LECHE,1 cucharadita,2 cucharadita,3 cucharadita,7.5,15,23
MANJAR,cucharadita,1,7.5,2,15,3,23,MANJAR,1 cucharadita,2 cucharadita,3 cucharadita,7.5,15,23
JALEA POLVO,cucharadita,1,7,2,14,3,21,JALEA POLVO,1 cucharadita,2 cucharadita,3 cucharadita,7,14,21
JUGO POLVO,cucharadita,1,5,2,10,3,15,JUGO POLVO,1 cucharadita,2 cucharadita,3 cucharadita,5,10,15
PROMEDIO BEBIDAS GASEOSAS,vaso,1,100,2,200,3,300,PROMEDIO BEBIDAS GASEOSAS,1 vaso,2 vaso,3 vaso,100,200,300
PROMEDIO NECTAR,vaso,1,100,2,200,3,300,PROMEDIO NECTAR,1 vaso,2 vaso,3 vaso,100,200,300
ANDYFRUT,vaso,1,100,1,200,1,300,ANDYFRUT,1 vaso,1 vaso,1 vaso,100,200,300
PULPA WATTS,vaso,1,100,1,200,1,300,PULPA WATTS,1 vaso,1 vaso,1 vaso,100,200,300
Bliss Sport,vaso,1,100,1,200,1,300,Bliss Sport,1 vaso,1 vaso,1 vaso,100,200,300
AGUA TONICA,vaso,1,100,1,200,1,300,AGUA TONICA,1 vaso,1 vaso,1 vaso,100,200,300
BILZ,vaso,1,250,2,500,3,750,BILZ,1 vaso,2 vaso,3 vaso,250,500,750
COCACOLA,Unidad,1,237,1,580,2,1180,COCACOLA,1 Unidad,1 Unidad,2 Unidad,237,580,1180
COCO,vaso,1,200,2,400,3,600,COCO,1 vaso,2 vaso,3 vaso,200,400,600
FANTA,vaso,1,250,2,500,3,750,FANTA,1 vaso,2 vaso,3 vaso,250,500,750
FANTA TONICA,vaso,1,250,2,500,3,750,FANTA TONICA,1 vaso,2 vaso,3 vaso,250,500,750
FRAMBUESA,vaso,1,200,2,400,3,600,FRAMBUESA,1 vaso,2 vaso,3 vaso,200,400,600
FRUTILLA,vaso,1,200,2,400,3,600,FRUTILLA,1 vaso,2 vaso,3 vaso,200,400,600
GINGER ALE,Unidad,1/2,200,1,500,2,1000,GINGER ALE,1/2 Unidad,1 Unidad,2 Unidad,200,500,1000
GUINDA,vaso,1,200,2,400,3,600,GUINDA,1 vaso,2 vaso,3 vaso,200,400,600
KEM,vaso,1,200,2,400,3,600,KEM,1 vaso,2 vaso,3 vaso,200,400,600
LIMON SODA,vaso,1,200,2,400,3,600,LIMON SODA,1 vaso,2 vaso,3 vaso,200,400,600
NARANJA,vaso,1,200,2,400,3,600,NARANJA,1 vaso,2 vaso,3 vaso,200,400,600
ORANGE CRUSH,vaso,1,200,2,400,3,600,ORANGE CRUSH,1 vaso,2 vaso,3 vaso,200,400,600
PAPAYA,vaso,1,250,2,500,3,750,PAPAYA,1 vaso,2 vaso,3 vaso,250,500,750
PIÑA,vaso,1,200,2,400,3,600,PIÑA,1 vaso,2 vaso,3 vaso,200,400,600
SPRITE,vaso,1,200,2,400,3,600,SPRITE,1 vaso,2 vaso,3 vaso,200,400,600
NECTAR DAMASCO,vaso,1,200,2,400,3,600,NECTAR DAMASCO,1 vaso,2 vaso,3 vaso,200,400,600
NECTAR DURAZNO,vaso,1,200,2,400,3,600,NECTAR DURAZNO,1 vaso,2 vaso,3 vaso,200,400,600
NECTAR MEMBRILLO,vaso,1,200,2,400,3,600,NECTAR MEMBRILLO,1 vaso,2 vaso,3 vaso,200,400,600
JUGO SUR LARGA VIDA,vaso,1,200,2,400,3,600,JUGO SUR LARGA VIDA,1 vaso,2 vaso,3 vaso,200,400,600
JUGO SUR DIETNARANJA,vaso,1,200,2,400,3,600,JUGO SUR DIETNARANJA,1 vaso,2 vaso,3 vaso,200,400,600
JUGO SUR DIET DURAZNO,vaso,1,200,2,400,3,600,JUGO SUR DIET DURAZNO,1 vaso,2 vaso,3 vaso,200,400,600
LOLLY POP,Unidad,1,50,2,100,3,150,LOLLY POP,1 Unidad,2 Unidad,3 Unidad,50,100,150
PALO RICO,Unidad,1,50,2,100,3,150,PALO RICO,1 Unidad,2 Unidad,3 Unidad,50,100,150
ESTE OESTE,Unidad,1,50,2,100,3,150,ESTE OESTE,1 Unidad,2 Unidad,3 Unidad,50,100,150
CENTELLA,Unidad,1,50,2,100,3,150,CENTELLA,1 Unidad,2 Unidad,3 Unidad,50,100,150
HELADO PIÑA,Unidad,1,50,2,100,3,150,HELADO PIÑA,1 Unidad,2 Unidad,3 Unidad,50,100,150
PROMEDIO HELADOS DE AGUA,Unidad,1,50,2,100,3,150,PROMEDIO HELADOS DE AGUA,1 Unidad,2 Unidad,3 Unidad,50,100,150
CASSATA BRIK DIET,taza,1,50,1,100,1,200,CASSATA BRIK DIET,1 taza,1 taza,1 taza,50,100,200
BUDIN,Porcion,2,60,1,100,1,200,BUDIN,2 Porcion,1 Porcion,1 Porcion,60,100,200
FLAN POLVO,Porcion,1/2,50,1,100,2,200,FLAN POLVO,1/2 Porcion,1 Porcion,2 Porcion,50,100,200
COLA DE TIGRE,Unidad,1,70,1,100,2,200,COLA DE TIGRE,1 Unidad,1 Unidad,2 Unidad,70,100,200
CREMINO,Unidad,1,85,2,170,3,255,CREMINO,1 Unidad,2 Unidad,3 Unidad,85,170,255
CHOCOLITO,Unidad,1,85,2,170,3,255,CHOCOLITO,1 Unidad,2 Unidad,3 Unidad,85,170,255
HOLLIDAY,Unidad,1,50,2,100,3,200,HOLLIDAY,1 Unidad,2 Unidad,3 Unidad,50,100,200
STEREO,Unidad,1,70,2,140,3,210,STEREO,1 Unidad,2 Unidad,3 Unidad,70,140,210
CROCANTY,Unidad,1,90,2,140,3,210,CROCANTY,1 Unidad,2 Unidad,3 Unidad,90,140,210
EGOCENTRICO,Unidad,1,85,2,170,3,255,EGOCENTRICO,1 Unidad,2 Unidad,3 Unidad,85,170,255
FEELING,Unidad,1,85,2,170,3,255,FEELING,1 Unidad,2 Unidad,3 Unidad,85,170,255
FEELING NUSS,Unidad,1,85,2,170,3,255,FEELING NUSS,1 Unidad,2 Unidad,3 Unidad,85,170,255
CRAZY,Unidad,1,75,2,150,3,225,CRAZY,1 Unidad,2 Unidad,3 Unidad,75,150,225
VASITO,Unidad,1,60,2,120,3,180,VASITO,1 Unidad,2 Unidad,3 Unidad,60,120,180
CHOMP,Unidad,1,15,2,45,5,75,CHOMP,1 Unidad,2 Unidad,5 Unidad,15,45,75
DANKY 21,Unidad,1,70,2,140,3,210,DANKY 21,1 Unidad,2 Unidad,3 Unidad,70,140,210
TORTA NOUGAT,Unidad,1,50,1,100,2,150,TORTA NOUGAT,1 Unidad,1 Unidad,2 Unidad,50,100,150
CASSATA BRICK,taza,1/2,100,1,200,2,400,CASSATA BRICK,1/2 taza,1 taza,2 taza,100,200,400
CAPRICHO,Unidad,1/2,45,1,90,2,180,CAPRICHO,1/2 Unidad,1 Unidad,2 Unidad,45,90,180
CHARLOT VAINILLA,Unidad,1/2,45,1,90,2,180,CHARLOT VAINILLA,1/2 Unidad,1 Unidad,2 Unidad,45,90,180
CHARLOT LUCUMA,Unidad,1/2,45,1,90,2,180,CHARLOT LUCUMA,1/2 Unidad,1 Unidad,2 Unidad,45,90,180
FRUTILLA A,Unidad,1,50,2,100,2,200,FRUTILLA A,1 Unidad,2 Unidad,2 Unidad,50,100,200
LUCUMA A,Unidad,1,30,2,60,2,120,LUCUMA A,1 Unidad,2 Unidad,2 Unidad,30,60,120
CHOCOLATE A,Unidad,1,30,2,60,2,120,CHOCOLATE A,1 Unidad,2 Unidad,2 Unidad,30,60,120
CHIRIMOYA A,Unidad,1,30,2,60,2,120,CHIRIMOYA A,1 Unidad,2 Unidad,2 Unidad,30,60,120
PASAS AL RON,Unidad,1,50,2,100,3,150,PASAS AL RON,1 Unidad,2 Unidad,3 Unidad,50,100,150
COCO,Unidad,1,50,2,100,3,150,COCO,1 Unidad,2 Unidad,3 Unidad,50,100,150
BRICK,Unidad,1,50,2,100,3,150,BRICK,1 Unidad,2 Unidad,3 Unidad,50,100,150
MANJAR,Unidad,1,70,2,140,3,210,MANJAR,1 Unidad,2 Unidad,3 Unidad,70,140,210
BUDIN CHOCOLATE,Unidad,1,90,2,180,3,270,BUDIN CHOCOLATE,1 Unidad,2 Unidad,3 Unidad,90,180,270
"PROMEDIO FEELINGS, STEREOY CHOMP,Unidad,1,70,2,140,3,210,""PROMEDIO FEELINGS, STEREOY CHOMP"",1 Unidad,2 Unidad,3 Unidad,70,140,210"
"PROMEDIO CHOCOLITO,CROCANTY, CREMINO, DUNKYS Y ALMENDRADOS,Unidad,1,85,2,170,3,255,""PROMEDIO CHOCOLITO,CROCANTY, CREMINO, DUNKYS Y ALMENDRADOS"",1 Unidad,2 Unidad,3 Unidad,85,170,255"
DANKY,unidad,1/2,70,1,140,3,210,DANKY,1/2 unidad,1 unidad,3 unidad,70,140,210
CERVEZA,Unidad,1,330,2,660,3,990,CERVEZA,1 Unidad,2 Unidad,3 Unidad,330,660,990
VINO BLANCO,copa,1,100,1,200,1,300,VINO BLANCO,1 copa,1 copa,1 copa,100,200,300
VINO BLANCO EXPORTACION,copa,1,100,1,200,1,300,VINO BLANCO EXPORTACION,1 copa,1 copa,1 copa,100,200,300
VINO TINTO,copa,1,100,1,200,1,300,VINO TINTO,1 copa,1 copa,1 copa,100,200,300
VINO TINTO EXPORTACION,copa,1,100,1,200,1,300,VINO TINTO EXPORTACION,1 copa,1 copa,1 copa,100,200,300
"WHISKY, RON VODKA,vaso,1,100,1,200,1,300,""WHISKY, RON VODKA"",1 vaso,1 vaso,1 vaso,100,200,300"
LICOR DE MENTA,vaso,1,100,1,200,1,300,LICOR DE MENTA,1 vaso,1 vaso,1 vaso,100,200,300
LICOR DE CAFE,vaso,1,100,1,200,1,300,LICOR DE CAFE,1 vaso,1 vaso,1 vaso,100,200,300
PISCO,vaso,1,100,1,200,1,300,PISCO,1 vaso,1 vaso,1 vaso,100,200,300
MARTINI,vaso,1,100,1,200,1,300,MARTINI,1 vaso,1 vaso,1 vaso,100,200,300
CHAMPAGNA,vaso,1,100,1,200,1,300,CHAMPAGNA,1 vaso,1 vaso,1 vaso,100,200,300
Ginebra,vaso,1,100,1,200,1,300,Ginebra,1 vaso,1 vaso,1 vaso,100,200,300
Licor de café,vaso,1,100,1,200,1,300,Licor de cafe,1 vaso,1 vaso,1 vaso,100,200,300
Oporto,vaso,1,100,1,200,1,300,Oporto,1 vaso,1 vaso,1 vaso,100,200,300
Ron blanco o añejo,vaso,1,100,1,200,1,300,Ron blanco o aÃ±ejo,1 vaso,1 vaso,1 vaso,100,200,300
Sidra,vaso,1,100,1,200,1,300,Sidra,1 vaso,1 vaso,1 vaso,100,200,300
Tequila,vaso,1,100,1,200,1,300,Tequila,1 vaso,1 vaso,1 vaso,100,200,300
Vermouth seco,vaso,1,100,1,200,1,300,Vermouth seco,1 vaso,1 vaso,1 vaso,100,200,300
Vino (12.2% alcohol),copa,1,100,1,200,1,300,Vino (12.2% alcohol),1 copa,1 copa,1 copa,100,200,300
Vino blanco dulce,copa,1,100,1,200,1,300,Vino blanco dulce,1 copa,1 copa,1 copa,100,200,300
Vino blanco seco,copa,1,100,1,200,1,300,Vino blanco seco,1 copa,1 copa,1 copa,100,200,300
Vino de manzana,copa,1,100,1,200,1,300,Vino de manzana,1 copa,1 copa,1 copa,100,200,300
Vino de mesa,copa,1,100,1,200,1,300,Vino de mesa,1 copa,1 copa,1 copa,100,200,300
Vino espumoso,copa,1,100,1,200,1,300,Vino espumoso,1 copa,1 copa,1 copa,100,200,300
Vino rosado,copa,1,100,1,200,1,300,Vino rosado,1 copa,1 copa,1 copa,100,200,300
Vodka,vaso,1,100,1,200,1,300,Vodka,1 vaso,1 vaso,1 vaso,100,200,300
Whisky,vaso,1,100,1,200,1,300,Whisky,1 vaso,1 vaso,1 vaso,100,200,300
Aguardiente,vaso,1,100,1,200,1,300,Aguardiente,1 vaso,1 vaso,1 vaso,100,200,300
Anìs dulce o seco,vaso,1,100,1,200,1,300,Anis dulce o seco,1 vaso,1 vaso,1 vaso,100,200,300
Brandy,vaso,1,100,1,200,1,300,Brandy,1 vaso,1 vaso,1 vaso,100,200,300
Cerveza (lata 356ml),Unidad,1,355,2,710,3,1065,Cerveza (lata 356ml),1 Unidad,2 Unidad,3 Unidad,355,710,1065
Cerveza light (lata 356ml),Unidad,1,355,2,710,3,1065,Cerveza light (lata 356ml),1 Unidad,2 Unidad,3 Unidad,355,710,1065
Champaña,vaso,1,100,1,200,1,300,Champaña,1 vaso,1 vaso,1 vaso,100,200,300
Coñac,vaso,1,100,1,200,1,300,Coñac,1 vaso,1 vaso,1 vaso,100,200,300
Cereales azucarados,taza,1/2,20,1,40,1 1/2,60,Cereales azucarados,1/2 taza,1 taza,1 1/2 taza,20,40,60
Cereales tipo Natur,taza,1,35,2,70,2 1/2,88,Cereales tipo Natur,1 taza,2 taza,2 1/2 taza,35,70,88
Hojuela de maiz,taza,1,40,2,80,3,120,Hojuela de maiz,1 taza,2 taza,3 taza,40,80,120
Cereales sin azucar,taza,1,40,2,80,3,120,Cereales sin azucar,1 taza,2 taza,3 taza,40,80,120
Granola,taza,1/3,30,1,90,2,180,Granola,1/3 taza,1 taza,2 taza,30,90,180
Barra cereales con azucar,Unidad,1/3,13,2/3,26,1 1/2,38,Barra cereales con azucar,1/3 Unidad,45353 Unidad,1 1/2 Unidad,13,26,38
Barra cereales sin azúcar,taza,1,20,2,40,3,120,Barra cereales sin azucar,1 taza,2 taza,3 taza,20,40,120
ALFAJOR,Unidad,1/2,25,1,50,2,100,ALFAJOR,1/2 Unidad,1 Unidad,2 Unidad,25,50,100
BERLIN,Unidad,1/4,50,1/2,100,1,200,BERLIN,1/4 Unidad,45323 Unidad,1 Unidad,50,100,200
BISCOCHO SIMPLE,Unidad,1/2,20,1,40,1 1/2,60,BISCOCHO SIMPLE,1/2 Unidad,1 Unidad,1 1/2 Unidad,20,40,60
BISCOCHO RELLENO,Unidad,1/2,30,1,60,2,120,BISCOCHO RELLENO,1/2 Unidad,1 Unidad,2 Unidad,30,60,120
PIE DE LIMON,Unidad,1/4,50,1/2,100,1,200,PIE DE LIMON,1/4 Unidad,45323 Unidad,1 Unidad,50,100,200
STRUDEL DE MANZANA,Unidad,1/2,65,1,125,2,250,STRUDEL DE MANZANA,1/2 Unidad,1 Unidad,2 Unidad,65,125,250
CHOCOLATE AMARGO,cucharadita,2,10,3,15,4,40,CHOCOLATE AMARGO,2 cucharadita,3 cucharadita,4 cucharadita,10,15,40
CHOCOLATE/LECHE,Unidad,2,30,4,60,6,90,CHOCOLATE/LECHE,2 Unidad,4 Unidad,6 Unidad,30,60,90
CHOCOLATE EN POLVO,cucharadita,2,10,3,15,4,20,CHOCOLATE EN POLVO,2 cucharadita,3 cucharadita,4 cucharadita,10,15,20
TRENCITO,Unidad,2,8,5,20,7,28,TRENCITO,2 Unidad,5 Unidad,7 Unidad,8,20,28
CHOCOLATE /ALMENDRAS,Unidad,2,12,5,30,7,42,CHOCOLATE /ALMENDRAS,2 Unidad,5 Unidad,7 Unidad,12,30,42
SHANE NUSS ALMENDRAS,Unidad,1,17,2,34,3,51,SHANE NUSS ALMENDRAS,1 Unidad,2 Unidad,3 Unidad,17,34,51
CAPRI FRAMBUESA,Unidad,1,6,3,18,5,30,CAPRI FRAMBUESA,1 Unidad,3 Unidad,5 Unidad,6,18,30
CAPRI FRUTILLA,Unidad,1,6,3,18,5,30,CAPRI FRUTILLA,1 Unidad,3 Unidad,5 Unidad,6,18,30
CAPRI GUINDA,Unidad,1,6,3,18,5,30,CAPRI GUINDA,1 Unidad,3 Unidad,5 Unidad,6,18,30
CAPRI MENTA,Unidad,1,6,3,18,5,30,CAPRI MENTA,1 Unidad,3 Unidad,5 Unidad,6,18,30
CAPRI NARANJA,Unidad,1,6,3,18,5,30,CAPRI NARANJA,1 Unidad,3 Unidad,5 Unidad,6,18,30
CAPRI TRUFA,Unidad,1,6,3,18,5,30,CAPRI TRUFA,1 Unidad,3 Unidad,5 Unidad,6,18,30
CAPRI DAMASCO,Unidad,1,6,3,18,5,30,CAPRI DAMASCO,1 Unidad,3 Unidad,5 Unidad,6,18,30
CAPRI ALMENDRA,Unidad,1,6,3,18,5,30,CAPRI ALMENDRA,1 Unidad,3 Unidad,5 Unidad,6,18,30
PROMEDIO CAPRI,Unidad,1,6,3,18,5,30,PROMEDIO CAPRI,1 Unidad,3 Unidad,5 Unidad,6,18,30
SUPER OCHO,Unidad,1,30,2,60,3,90,SUPER OCHO,1 Unidad,2 Unidad,3 Unidad,30,60,90
BOMBON SHANE NUSS,Unidad,1,12,2,24,3,36,BOMBON SHANE NUSS,1 Unidad,2 Unidad,3 Unidad,12,24,36
CHOCOLATE LECHE NESTLE,Unidad,2,13,4,25,6,78,CHOCOLATE LECHE NESTLE,2 Unidad,4 Unidad,6 Unidad,13,25,78
CHOCOLATE DE LECHE CON ALMENDRAS,Unidad,3,32,5,55,7,77,CHOCOLATE DE LECHE CON ALMENDRAS,3 Unidad,5 Unidad,7 Unidad,32,55,77
PRESTIGIO,Unidad,1,33,2,66,3,99,PRESTIGIO,1 Unidad,2 Unidad,3 Unidad,33,66,99
PASAS RECUBIERTAS CON CHOCOLATE,Porcion,1,30,2,60,3,90,PASAS RECUBIERTAS CON CHOCOLATE,1 Porcion,2 Porcion,3 Porcion,30,60,90
CHOCOLARE EN BARRA,Unidad,2,30,3,45,4,60,CHOCOLARE EN BARRA,2 Unidad,3 Unidad,4 Unidad,30,45,60
SUSTANCIA SIMPLE,Unidad,1,22,2,44,3,66,SUSTANCIA SIMPLE,1 Unidad,2 Unidad,3 Unidad,22,44,66
SUSTANCIA CON GRASA,Unidad,1,25,2,50,3,75,SUSTANCIA CON GRASA,1 Unidad,2 Unidad,3 Unidad,25,50,75
